Segment,Country,Product,Discount_Band,Units_Sold,Manufacturing_Price,Sale_Price,Gross_Sales,Discounts,Net_Sales,COGS,Gross_Profit,Date,Month_Number,Year,Revenue,Operating_Expenses,Other_Income,Net_Profit
Government,Canada,Carretera,None,1618.5,3,20,32370,0,32370,16185,16185,41640,1,2014,32370,4531.8,1062,12715.2
Government,Germany,Carretera,None,1321,3,20,26420,0,26420,13210,13210,41640,1,2014,26420,3963,1093,10340
Midmarket,France,Carretera,None,2178,3,15,32670,0,32670,21780,10890,41791,6,2014,32670,5227.2,1124,6786.8
Midmarket,Germany,Carretera,None,888,3,15,13320,0,13320,8880,4440,41791,6,2014,13320,2264.4,1155,3330.6
Midmarket,Mexico,Carretera,None,2470,3,15,37050,0,37050,24700,12350,41791,6,2014,37050,6669,1186,6867
Government,Germany,Carretera,None,1513,3,350,529550,0,529550,393380,136170,41974,12,2014,529550,63546,1217,73841
Midmarket,Germany,Montana,None,921,5,15,13815,0,13815,9210,4605,41699,3,2014,13815,1795.95,1248,4057.05
Channel Partners,Canada,Montana,None,2518,5,12,30216,0,30216,7554,22662,41791,6,2014,30216,4230.24,1279,19710.76
Government,France,Montana,None,1899,5,20,37980,0,37980,18990,18990,41791,6,2014,37980,5697,1310,14603
Channel Partners,Germany,Montana,None,1545,5,12,18540,0,18540,4635,13905,41791,6,2014,18540,2966.4,1341,12279.6
Midmarket,Mexico,Montana,None,2470,5,15,37050,0,37050,24700,12350,41791,6,2014,37050,6298.5,1372,7423.5
Enterprise,Canada,Montana,None,2665.5,5,125,333187.5,0,333187.5,319860,13327.5,41821,7,2014,333187.5,59973.75,1403,-45243.25
Small Business,Mexico,Montana,None,958,5,300,287400,0,287400,239500,47900,41852,8,2014,287400,34488,1434,14846
Government,Germany,Montana,None,2146,5,7,15022,0,15022,10730,4292,41883,9,2014,15022,1952.86,1465,3804.14
Enterprise,Canada,Montana,None,345,5,125,43125,0,43125,41400,1725,41548,10,2013,43125,6037.5,1496,-2816.5
Midmarket,United States of America,Montana,None,615,5,15,9225,0,9225,6150,3075,41974,12,2014,9225,1383.75,1527,3218.25
Government,Canada,Paseo,None,292,10,20,5840,0,5840,2920,2920,41671,2,2014,5840,934.4,1558,3543.6
Midmarket,Mexico,Paseo,None,974,10,15,14610,0,14610,9740,4870,41671,2,2014,14610,2483.7,1589,3975.3
Channel Partners,Canada,Paseo,None,2518,10,12,30216,0,30216,7554,22662,41791,6,2014,30216,5438.88,1620,18843.12
Government,Germany,Paseo,None,1006,10,350,352100,0,352100,261560,90540,41791,6,2014,352100,42252,1651,49939
Channel Partners,Germany,Paseo,None,367,10,12,4404,0,4404,1101,3303,41821,7,2014,4404,572.52,1682,4412.48
Government,Mexico,Paseo,None,883,10,7,6181,0,6181,4415,1766,41852,8,2014,6181,865.34,1713,2613.66
Midmarket,France,Paseo,None,549,10,15,8235,0,8235,5490,2745,41518,9,2013,8235,1235.25,1744,3253.75
Small Business,Mexico,Paseo,None,788,10,300,236400,0,236400,197000,39400,41518,9,2013,236400,37824,1775,3351
Midmarket,Mexico,Paseo,None,2472,10,15,37080,0,37080,24720,12360,41883,9,2014,37080,6303.6,1806,7862.4
Government,United States of America,Paseo,None,1143,10,7,8001,0,8001,5715,2286,41913,10,2014,8001,1440.18,1837,2682.82
Government,Canada,Paseo,None,1725,10,350,603750,0,603750,448500,155250,41579,11,2013,603750,72450,1868,84668
Channel Partners,United States of America,Paseo,None,912,10,12,10944,0,10944,2736,8208,41579,11,2013,10944,1422.72,1899,8684.28
Midmarket,Canada,Paseo,None,2152,10,15,32280,0,32280,21520,10760,41609,12,2013,32280,4519.2,1930,8170.8
Government,Canada,Paseo,None,1817,10,20,36340,0,36340,18170,18170,41974,12,2014,36340,5451,1961,14680
Government,Germany,Paseo,None,1513,10,350,529550,0,529550,393380,136170,41974,12,2014,529550,84728,1992,53434
Government,Mexico,Velo,None,1493,120,7,10451,0,10451,7465,2986,41640,1,2014,10451,1776.67,2023,3232.33
Enterprise,France,Velo,None,1804,120,125,225500,0,225500,216480,9020,41671,2,2014,225500,40590,2054,-29516
Channel Partners,Germany,Velo,None,2161,120,12,25932,0,25932,6483,19449,41699,3,2014,25932,3111.84,2085,18422.16
Government,Germany,Velo,None,1006,120,350,352100,0,352100,261560,90540,41791,6,2014,352100,45773,2116,46883
Channel Partners,Germany,Velo,None,1545,120,12,18540,0,18540,4635,13905,41791,6,2014,18540,2595.6,2147,13456.4
Enterprise,United States of America,Velo,None,2821,120,125,352625,0,352625,338520,14105,41852,8,2014,352625,52893.75,2178,-36610.75
Enterprise,Canada,Velo,None,345,120,125,43125,0,43125,41400,1725,41548,10,2013,43125,6900,2209,-2966
Small Business,Canada,VTT,None,2001,250,300,600300,0,600300,500250,100050,41671,2,2014,600300,102051,2240,239
Channel Partners,Germany,VTT,None,2838,250,12,34056,0,34056,8514,25542,41730,4,2014,34056,6130.08,2271,21682.92
Midmarket,France,VTT,None,2178,250,15,32670,0,32670,21780,10890,41791,6,2014,32670,3920.4,2302,9271.6
Midmarket,Germany,VTT,None,888,250,15,13320,0,13320,8880,4440,41791,6,2014,13320,1731.6,2333,5041.4
Government,France,VTT,None,1527,250,350,534450,0,534450,397020,137430,41518,9,2013,534450,74823,2364,64971
Small Business,France,VTT,None,2151,250,300,645300,0,645300,537750,107550,41883,9,2014,645300,96795,2395,13150
Government,Canada,VTT,None,1817,250,20,36340,0,36340,18170,18170,41974,12,2014,36340,5814.4,2426,14781.6
Government,France,Amarilla,None,2750,260,350,962500,0,962500,715000,247500,41671,2,2014,962500,163625,2457,86332
Channel Partners,United States of America,Amarilla,None,1953,260,12,23436,0,23436,5859,17577,41730,4,2014,23436,4218.48,2488,15846.52
Enterprise,Germany,Amarilla,None,4219.5,260,125,527437.5,0,527437.5,506340,21097.5,41730,4,2014,527437.5,63292.5,2519,-39676
Government,France,Amarilla,None,1899,260,20,37980,0,37980,18990,18990,41791,6,2014,37980,4937.4,2550,16602.6
Government,Germany,Amarilla,None,1686,260,7,11802,0,11802,8430,3372,41821,7,2014,11802,1652.28,2581,4300.72
Channel Partners,United States of America,Amarilla,None,2141,260,12,25692,0,25692,6423,19269,41852,8,2014,25692,3853.8,2612,18027.2
Government,United States of America,Amarilla,None,1143,260,7,8001,0,8001,5715,2286,41913,10,2014,8001,1280.16,2643,3648.84
Midmarket,United States of America,Amarilla,None,615,260,15,9225,0,9225,6150,3075,41974,12,2014,9225,1568.25,2674,4180.75
Government,France,Paseo,Low,3945,10,7,27615,276.15,27338.85,19725,7613.85,41640,1,2014,27338.85,4920.99,2705,5397.86
Midmarket,France,Paseo,Low,2296,10,15,34440,344.4,34095.6,22960,11135.6,41671,2,2014,34095.6,4091.47,2736,9780.13
Government,France,Paseo,Low,1030,10,7,7210,72.1,7137.9,5150,1987.9,41760,5,2014,7137.9,927.93,2767,3826.97
Government,France,Velo,Low,639,120,7,4473,44.73,4428.27,3195,1233.27,41944,11,2014,4428.27,619.96,2798,3411.31
Government,Canada,VTT,Low,1326,250,7,9282,92.82,9189.18,6630,2559.18,41699,3,2014,9189.18,1378.38,2829,4009.8
Channel Partners,United States of America,Carretera,Low,1858,3,12,22296,222.96,22073.04,5574,16499.04,41671,2,2014,22073.04,3531.69,2860,15827.35
Government,Mexico,Carretera,Low,1210,3,350,423500,4235,419265,314600,104665,41699,3,2014,419265,71275.05,2891,36280.95
Government,United States of America,Carretera,Low,2529,3,7,17703,177.03,17525.97,12645,4880.97,41821,7,2014,17525.97,3154.67,2922,4648.3
Channel Partners,Canada,Carretera,Low,1445,3,12,17340,173.4,17166.6,4335,12831.6,41883,9,2014,17166.6,2059.99,2953,13724.61
Enterprise,United States of America,Carretera,Low,330,3,125,41250,412.5,40837.5,39600,1237.5,41518,9,2013,40837.5,5308.88,2984,-1087.38
Channel Partners,France,Carretera,Low,2671,3,12,32052,320.52,31731.48,8013,23718.48,41883,9,2014,31731.48,4442.41,3015,22291.07
Channel Partners,Germany,Carretera,Low,766,3,12,9192,91.92,9100.08,2298,6802.08,41548,10,2013,9100.08,1365.01,3046,8483.07
Small Business,Mexico,Carretera,Low,494,3,300,148200,1482,146718,123500,23218,41548,10,2013,146718,23474.88,3077,2820.12
Government,Mexico,Carretera,Low,1397,3,350,488950,4889.5,484060.5,363220,120840.5,41913,10,2014,484060.5,82290.29,3108,41658.21
Government,France,Carretera,Low,2155,3,350,754250,7542.5,746707.5,560300,186407.5,41974,12,2014,746707.5,134407.35,3139,55139.15
Midmarket,Mexico,Montana,Low,2214,5,15,33210,332.1,32877.9,22140,10737.9,41699,3,2014,32877.9,3945.35,3170,9962.55
Small Business,United States of America,Montana,Low,2301,5,300,690300,6903,683397,575250,108147,41730,4,2014,683397,88841.61,3201,22506.39
Government,France,Montana,Low,1375.5,5,20,27510,275.1,27234.9,13755,13479.9,41821,7,2014,27234.9,3812.89,3232,12899.01
Government,Canada,Montana,Low,1830,5,7,12810,128.1,12681.9,9150,3531.9,41852,8,2014,12681.9,1902.29,3263,4892.61
Small Business,United States of America,Montana,Low,2498,5,300,749400,7494,741906,624500,117406,41518,9,2013,741906,118704.96,3294,1995.04
Enterprise,United States of America,Montana,Low,663,5,125,82875,828.75,82046.25,79560,2486.25,41548,10,2013,82046.25,13947.86,3325,-8136.61
Midmarket,United States of America,Paseo,Low,1514,10,15,22710,227.1,22482.9,15140,7342.9,41671,2,2014,22482.9,4046.92,3356,6651.98
Government,United States of America,Paseo,Low,4492.5,10,7,31447.5,314.475,31133.025,22462.5,8670.525,41730,4,2014,31133.025,3735.96,3387,8321.565
Enterprise,United States of America,Paseo,Low,727,10,125,90875,908.75,89966.25,87240,2726.25,41791,6,2014,89966.25,11695.61,3418,-5551.36
Enterprise,France,Paseo,Low,787,10,125,98375,983.75,97391.25,94440,2951.25,41791,6,2014,97391.25,13634.78,3449,-7234.53
Enterprise,Mexico,Paseo,Low,1823,10,125,227875,2278.75,225596.25,218760,6836.25,41821,7,2014,225596.25,33839.44,3480,-23523.19
Midmarket,Germany,Paseo,Low,747,10,15,11205,112.05,11092.95,7470,3622.95,41883,9,2014,11092.95,1774.87,3511,5359.08
Channel Partners,Germany,Paseo,Low,766,10,12,9192,91.92,9100.08,2298,6802.08,41548,10,2013,9100.08,1547.01,3542,8797.07
Small Business,United States of America,Paseo,Low,2905,10,300,871500,8715,862785,726250,136535,41944,11,2014,862785,155301.3,3573,-15193.3
Government,France,Paseo,Low,2155,10,350,754250,7542.5,746707.5,560300,186407.5,41974,12,2014,746707.5,89604.9,3604,100406.6
Government,France,Velo,Low,3864,120,20,77280,772.8,76507.2,38640,37867.2,41730,4,2014,76507.2,9945.94,3635,31556.26
Government,Mexico,Velo,Low,362,120,7,2534,25.34,2508.66,1810,698.66,41760,5,2014,2508.66,351.21,3666,4013.45
Enterprise,Canada,Velo,Low,923,120,125,115375,1153.75,114221.25,110760,3461.25,41852,8,2014,114221.25,17133.19,3697,-9974.94
Enterprise,United States of America,Velo,Low,663,120,125,82875,828.75,82046.25,79560,2486.25,41548,10,2013,82046.25,13127.4,3728,-6913.15
Government,Canada,Velo,Low,2092,120,7,14644,146.44,14497.56,10460,4037.56,41579,11,2013,14497.56,2464.59,3759,5331.97
Government,Germany,VTT,Low,263,250,7,1841,18.41,1822.59,1315,507.59,41699,3,2014,1822.59,328.07,3790,3969.52
Government,Canada,VTT,Low,943.5,250,350,330225,3302.25,326922.75,245310,81612.75,41730,4,2014,326922.75,39230.73,3821,46203.02
Enterprise,United States of America,VTT,Low,727,250,125,90875,908.75,89966.25,87240,2726.25,41791,6,2014,89966.25,11695.61,3852,-5117.36
Enterprise,France,VTT,Low,787,250,125,98375,983.75,97391.25,94440,2951.25,41791,6,2014,97391.25,13634.78,3883,-6800.53
Small Business,Germany,VTT,Low,986,250,300,295800,2958,292842,246500,46342,41883,9,2014,292842,43926.3,3914,6329.7
Small Business,Mexico,VTT,Low,494,250,300,148200,1482,146718,123500,23218,41548,10,2013,146718,23474.88,3945,3688.12
Government,Mexico,VTT,Low,1397,250,350,488950,4889.5,484060.5,363220,120840.5,41913,10,2014,484060.5,82290.29,3976,42526.21
Enterprise,France,VTT,Low,1744,250,125,218000,2180,215820,209280,6540,41944,11,2014,215820,38847.6,4007,-28300.6
Channel Partners,United States of America,Amarilla,Low,1989,260,12,23868,238.68,23629.32,5967,17662.32,41518,9,2013,23629.32,2835.52,4038,18864.8
Midmarket,France,Amarilla,Low,321,260,15,4815,48.15,4766.85,3210,1556.85,41579,11,2013,4766.85,619.69,4069,5006.16
Enterprise,Canada,Carretera,Low,742.5,3,125,92812.5,1856.25,90956.25,89100,1856.25,41730,4,2014,90956.25,12733.88,4100,-6777.63
Channel Partners,Canada,Carretera,Low,1295,3,12,15540,310.8,15229.2,3885,11344.2,41913,10,2014,15229.2,2284.38,4131,13190.82
Small Business,Germany,Carretera,Low,214,3,300,64200,1284,62916,53500,9416,41548,10,2013,62916,10066.56,4162,3511.44
Government,France,Carretera,Low,2145,3,7,15015,300.3,14714.7,10725,3989.7,41579,11,2013,14714.7,2501.5,4193,5681.2
Government,Canada,Carretera,Low,2852,3,350,998200,19964,978236,741520,236716,41974,12,2014,978236,176082.48,4224,64857.52
Channel Partners,United States of America,Montana,Low,1142,5,12,13704,274.08,13429.92,3426,10003.92,41791,6,2014,13429.92,1611.59,4255,12647.33
Government,United States of America,Montana,Low,1566,5,20,31320,626.4,30693.6,15660,15033.6,41913,10,2014,30693.6,3990.17,4286,15329.43
Channel Partners,Mexico,Montana,Low,690,5,12,8280,165.6,8114.4,2070,6044.4,41944,11,2014,8114.4,1136.02,4317,9225.38
Enterprise,Mexico,Montana,Low,1660,5,125,207500,4150,203350,199200,4150,41579,11,2013,203350,30502.5,4348,-22004.5
Midmarket,Canada,Paseo,Low,2363,10,15,35445,708.9,34736.1,23630,11106.1,41671,2,2014,34736.1,5557.78,4379,9927.32
Small Business,France,Paseo,Low,918,10,300,275400,5508,269892,229500,40392,41760,5,2014,269892,45881.64,4410,-1079.64
Small Business,Germany,Paseo,Low,1728,10,300,518400,10368,508032,432000,76032,41760,5,2014,508032,91445.76,4441,-10972.76
Channel Partners,United States of America,Paseo,Low,1142,10,12,13704,274.08,13429.92,3426,10003.92,41791,6,2014,13429.92,1611.59,4472,12864.33
Enterprise,Mexico,Paseo,Low,662,10,125,82750,1655,81095,79440,1655,41791,6,2014,81095,10542.35,4503,-4384.35
Channel Partners,Canada,Paseo,Low,1295,10,12,15540,310.8,15229.2,3885,11344.2,41913,10,2014,15229.2,2132.09,4534,13746.11
Enterprise,Germany,Paseo,Low,809,10,125,101125,2022.5,99102.5,97080,2022.5,41548,10,2013,99102.5,14865.38,4565,-8277.88
Enterprise,Mexico,Paseo,Low,2145,10,125,268125,5362.5,262762.5,257400,5362.5,41548,10,2013,262762.5,42042,4596,-32083.5
Channel Partners,France,Paseo,Low,1785,10,12,21420,428.4,20991.6,5355,15636.6,41579,11,2013,20991.6,3568.57,4627,16695.03
Small Business,Canada,Paseo,Low,1916,10,300,574800,11496,563304,479000,84304,41974,12,2014,563304,101394.72,4658,-12432.72
Government,Canada,Paseo,Low,2852,10,350,998200,19964,978236,741520,236716,41974,12,2014,978236,117388.32,4689,124016.68
Enterprise,Canada,Paseo,Low,2729,10,125,341125,6822.5,334302.5,327480,6822.5,41974,12,2014,334302.5,43459.33,4720,-31916.83
Midmarket,United States of America,Paseo,Low,1925,10,15,28875,577.5,28297.5,19250,9047.5,41609,12,2013,28297.5,3961.65,4751,9836.85
Government,United States of America,Paseo,Low,2013,10,7,14091,281.82,13809.18,10065,3744.18,41609,12,2013,13809.18,2071.38,4782,6454.8
Channel Partners,France,Paseo,Low,1055,10,12,12660,253.2,12406.8,3165,9241.8,41974,12,2014,12406.8,1985.09,4813,12069.71
Channel Partners,Mexico,Paseo,Low,1084,10,12,13008,260.16,12747.84,3252,9495.84,41974,12,2014,12747.84,2167.13,4844,12172.71
Government,United States of America,Velo,Low,1566,120,20,31320,626.4,30693.6,15660,15033.6,41913,10,2014,30693.6,5524.85,4875,14383.75
Government,Germany,Velo,Low,2966,120,350,1038100,20762,1017338,771160,246178,41548,10,2013,1017338,122080.56,4906,129003.44
Government,Germany,Velo,Low,2877,120,350,1006950,20139,986811,748020,238791,41913,10,2014,986811,128285.43,4937,115442.57
Enterprise,Germany,Velo,Low,809,120,125,101125,2022.5,99102.5,97080,2022.5,41548,10,2013,99102.5,13874.35,4968,-6883.85
Enterprise,Mexico,Velo,Low,2145,120,125,268125,5362.5,262762.5,257400,5362.5,41548,10,2013,262762.5,39414.38,4999,-29052.88
Channel Partners,France,Velo,Low,1055,120,12,12660,253.2,12406.8,3165,9241.8,41974,12,2014,12406.8,1985.09,5030,12286.71
Government,Mexico,Velo,Low,544,120,20,10880,217.6,10662.4,5440,5222.4,41609,12,2013,10662.4,1812.61,5061,8470.79
Channel Partners,Mexico,Velo,Low,1084,120,12,13008,260.16,12747.84,3252,9495.84,41974,12,2014,12747.84,2294.61,5092,12293.23
Enterprise,Mexico,VTT,Low,662,250,125,82750,1655,81095,79440,1655,41791,6,2014,81095,9731.4,5123,-2953.4
Small Business,Germany,VTT,Low,214,250,300,64200,1284,62916,53500,9416,41548,10,2013,62916,8179.08,5154,6390.92
Government,Germany,VTT,Low,2877,250,350,1006950,20139,986811,748020,238791,41913,10,2014,986811,138153.54,5185,105822.46
Enterprise,Canada,VTT,Low,2729,250,125,341125,6822.5,334302.5,327480,6822.5,41974,12,2014,334302.5,50145.38,5216,-38106.88
Government,United States of America,VTT,Low,266,250,350,93100,1862,91238,69160,22078,41609,12,2013,91238,14598.08,5247,12726.92
Government,Mexico,VTT,Low,1940,250,350,679000,13580,665420,504400,161020,41609,12,2013,665420,113121.4,5278,53176.6
Small Business,Germany,Amarilla,Low,259,260,300,77700,1554,76146,64750,11396,41699,3,2014,76146,13706.28,5309,2998.72
Small Business,Mexico,Amarilla,Low,1101,260,300,330300,6606,323694,275250,48444,41699,3,2014,323694,38843.28,5340,14940.72
Enterprise,Germany,Amarilla,Low,2276,260,125,284500,5690,278810,273120,5690,41760,5,2014,278810,36245.3,5371,-25184.3
Government,Germany,Amarilla,Low,2966,260,350,1038100,20762,1017338,771160,246178,41548,10,2013,1017338,142427.32,5402,109152.68
Government,United States of America,Amarilla,Low,1236,260,20,24720,494.4,24225.6,12360,11865.6,41944,11,2014,24225.6,3633.84,5433,13664.76
Government,France,Amarilla,Low,941,260,20,18820,376.4,18443.6,9410,9033.6,41944,11,2014,18443.6,2950.98,5464,11546.62
Small Business,Canada,Amarilla,Low,1916,260,300,574800,11496,563304,479000,84304,41974,12,2014,563304,95761.68,5495,-5962.68
Enterprise,France,Carretera,Low,4243.5,3,125,530437.5,15913.125,514524.375,509220,5304.375,41730,4,2014,514524.375,92614.39,5526,-81784.015
Government,Germany,Carretera,Low,2580,3,20,51600,1548,50052,25800,24252,41730,4,2014,50052,6006.24,5557,23802.76
Small Business,Germany,Carretera,Low,689,3,300,206700,6201,200499,172250,28249,41791,6,2014,200499,26064.87,5588,7772.13
Channel Partners,United States of America,Carretera,Low,1947,3,12,23364,700.92,22663.08,5841,16822.08,41883,9,2014,22663.08,3172.83,5619,19268.25
Channel Partners,Canada,Carretera,Low,908,3,12,10896,326.88,10569.12,2724,7845.12,41609,12,2013,10569.12,1585.37,5650,11909.75
Government,Germany,Montana,Low,1958,5,7,13706,411.18,13294.82,9790,3504.82,41671,2,2014,13294.82,2127.17,5681,7058.65
Channel Partners,France,Montana,Low,1901,5,12,22812,684.36,22127.64,5703,16424.64,41791,6,2014,22127.64,3761.7,5712,18374.94
Government,France,Montana,Low,544,5,7,3808,114.24,3693.76,2720,973.76,41883,9,2014,3693.76,664.88,5743,6051.88
Government,Germany,Montana,Low,1797,5,350,628950,18868.5,610081.5,467220,142861.5,41518,9,2013,610081.5,73209.78,5774,75425.72
Enterprise,France,Montana,Low,1287,5,125,160875,4826.25,156048.75,154440,1608.75,41974,12,2014,156048.75,20286.34,5805,-12872.59
Enterprise,Germany,Montana,Low,1706,5,125,213250,6397.5,206852.5,204720,2132.5,41974,12,2014,206852.5,28959.35,5836,-20990.85
Small Business,France,Paseo,Low,2434.5,10,300,730350,21910.5,708439.5,608625,99814.5,41640,1,2014,708439.5,106265.93,5867,-584.43
Enterprise,Canada,Paseo,Low,1774,10,125,221750,6652.5,215097.5,212880,2217.5,41699,3,2014,215097.5,34415.6,5898,-26300.1
Channel Partners,France,Paseo,Low,1901,10,12,22812,684.36,22127.64,5703,16424.64,41791,6,2014,22127.64,3761.7,5929,18591.94
Small Business,Germany,Paseo,Low,689,10,300,206700,6201,200499,172250,28249,41791,6,2014,200499,36089.82,5960,-1880.82
Enterprise,Germany,Paseo,Low,1570,10,125,196250,5887.5,190362.5,188400,1962.5,41791,6,2014,190362.5,22843.5,5991,-14890
Channel Partners,United States of America,Paseo,Low,1369.5,10,12,16434,493.02,15940.98,4108.5,11832.48,41821,7,2014,15940.98,2072.33,6022,15782.15
Enterprise,Canada,Paseo,Low,2009,10,125,251125,7533.75,243591.25,241080,2511.25,41913,10,2014,243591.25,34102.78,6053,-25538.53
Midmarket,Germany,Paseo,Low,1945,10,15,29175,875.25,28299.75,19450,8849.75,41548,10,2013,28299.75,4244.96,6084,10688.79
Enterprise,France,Paseo,Low,1287,10,125,160875,4826.25,156048.75,154440,1608.75,41974,12,2014,156048.75,24967.8,6115,-17244.05
Enterprise,Germany,Paseo,Low,1706,10,125,213250,6397.5,206852.5,204720,2132.5,41974,12,2014,206852.5,35164.93,6146,-26886.43
Enterprise,Canada,Velo,Low,2009,120,125,251125,7533.75,243591.25,241080,2511.25,41913,10,2014,243591.25,43846.43,6177,-35158.18
Small Business,United States of America,VTT,Low,2844,250,300,853200,25596,827604,711000,116604,41671,2,2014,827604,99312.48,6208,23499.52
Channel Partners,Mexico,VTT,Low,1916,250,12,22992,689.76,22302.24,5748,16554.24,41730,4,2014,22302.24,2899.29,6239,19893.95
Enterprise,Germany,VTT,Low,1570,250,125,196250,5887.5,190362.5,188400,1962.5,41791,6,2014,190362.5,26650.75,6270,-18418.25
Small Business,Canada,VTT,Low,1874,250,300,562200,16866,545334,468500,76834,41852,8,2014,545334,81800.1,6301,1334.9
Government,Mexico,VTT,Low,1642,250,350,574700,17241,557459,426920,130539,41852,8,2014,557459,89193.44,6332,47677.56
Midmarket,Germany,VTT,Low,1945,250,15,29175,875.25,28299.75,19450,8849.75,41548,10,2013,28299.75,4810.96,6363,10401.79
Government,Canada,Carretera,Low,831,3,20,16620,498.6,16121.4,8310,7811.4,41760,5,2014,16121.4,2901.85,6394,11303.55
Government,Mexico,Paseo,Low,1760,10,7,12320,369.6,11950.4,8800,3150.4,41518,9,2013,11950.4,1434.05,6425,8141.35
Government,Canada,Velo,Low,3850.5,120,20,77010,2310.3,74699.7,38505,36194.7,41730,4,2014,74699.7,9710.96,6456,32939.74
Channel Partners,Germany,VTT,Low,2479,250,12,29748,892.44,28855.56,7437,21418.56,41640,1,2014,28855.56,4039.78,6487,23865.78
Midmarket,Mexico,Montana,Low,2031,5,15,30465,1218.6,29246.4,20310,8936.4,41913,10,2014,29246.4,4386.96,6518,11067.44
Midmarket,Mexico,Paseo,Low,2031,10,15,30465,1218.6,29246.4,20310,8936.4,41913,10,2014,29246.4,4679.42,6549,10805.98
Midmarket,France,Paseo,Low,2261,10,15,33915,1356.6,32558.4,22610,9948.4,41609,12,2013,32558.4,5534.93,6580,10993.47
Government,United States of America,Velo,Low,736,120,20,14720,588.8,14131.2,7360,6771.2,41518,9,2013,14131.2,2543.62,6611,10838.58
Government,Canada,Carretera,Low,2851,3,7,19957,798.28,19158.72,14255,4903.72,41548,10,2013,19158.72,2299.05,6642,9246.67
Small Business,Germany,Carretera,Low,2021,3,300,606300,24252,582048,505250,76798,41913,10,2014,582048,75666.24,6673,7804.76
Government,United States of America,Carretera,Low,274,3,350,95900,3836,92064,71240,20824,41974,12,2014,92064,12888.96,6704,14639.04
Midmarket,Canada,Montana,Low,1967,5,15,29505,1180.2,28324.8,19670,8654.8,41699,3,2014,28324.8,4248.72,6735,11141.08
Small Business,Germany,Montana,Low,1859,5,300,557700,22308,535392,464750,70642,41852,8,2014,535392,85662.72,6766,-8254.72
Government,Canada,Montana,Low,2851,5,7,19957,798.28,19158.72,14255,4903.72,41548,10,2013,19158.72,3256.98,6797,8443.74
Small Business,Germany,Montana,Low,2021,5,300,606300,24252,582048,505250,76798,41913,10,2014,582048,104768.64,6828,-21142.64
Enterprise,Mexico,Montana,Low,1138,5,125,142250,5690,136560,136560,0,41974,12,2014,136560,16387.2,6859,-9528.2
Government,Canada,Paseo,Low,4251,10,7,29757,1190.28,28566.72,21255,7311.72,41640,1,2014,28566.72,3713.67,6890,10488.05
Enterprise,Germany,Paseo,Low,795,10,125,99375,3975,95400,95400,0,41699,3,2014,95400,13356,6921,-6435
Small Business,Germany,Paseo,Low,1414.5,10,300,424350,16974,407376,353625,53751,41730,4,2014,407376,61106.4,6952,-403.4
Small Business,United States of America,Paseo,Low,2918,10,300,875400,35016,840384,729500,110884,41760,5,2014,840384,134461.44,6983,-16594.44
Government,United States of America,Paseo,Low,3450,10,350,1207500,48300,1159200,897000,262200,41821,7,2014,1159200,197064,7014,72150
Enterprise,France,Paseo,Low,2988,10,125,373500,14940,358560,358560,0,41821,7,2014,358560,64540.8,7045,-57495.8
Midmarket,Canada,Paseo,Low,218,10,15,3270,130.8,3139.2,2180,959.2,41883,9,2014,3139.2,376.7,7076,7658.5
Government,Canada,Paseo,Low,2074,10,20,41480,1659.2,39820.8,20740,19080.8,41883,9,2014,39820.8,5176.7,7107,21011.1
Government,United States of America,Paseo,Low,1056,10,20,21120,844.8,20275.2,10560,9715.2,41883,9,2014,20275.2,2838.53,7138,14014.67
Midmarket,United States of America,Paseo,Low,671,10,15,10065,402.6,9662.4,6710,2952.4,41548,10,2013,9662.4,1449.36,7169,8672.04
Midmarket,Mexico,Paseo,Low,1514,10,15,22710,908.4,21801.6,15140,6661.6,41548,10,2013,21801.6,3488.26,7200,10373.34
Government,United States of America,Paseo,Low,274,10,350,95900,3836,92064,71240,20824,41974,12,2014,92064,15650.88,7231,12404.12
Enterprise,Mexico,Paseo,Low,1138,10,125,142250,5690,136560,136560,0,41974,12,2014,136560,24580.8,7262,-17318.8
Channel Partners,United States of America,Velo,Low,1465,120,12,17580,703.2,16876.8,4395,12481.8,41699,3,2014,16876.8,2025.22,7293,17749.58
Government,Canada,Velo,Low,2646,120,20,52920,2116.8,50803.2,26460,24343.2,41518,9,2013,50803.2,6604.42,7324,25062.78
Government,France,Velo,Low,2177,120,350,761950,30478,731472,566020,165452,41913,10,2014,731472,102406.08,7355,70400.92
Channel Partners,France,VTT,Low,866,250,12,10392,415.68,9976.32,2598,7378.32,41760,5,2014,9976.32,1496.45,7386,13267.87
Government,United States of America,VTT,Low,349,250,350,122150,4886,117264,90740,26524,41518,9,2013,117264,18762.24,7417,15178.76
Government,France,VTT,Low,2177,250,350,761950,30478,731472,566020,165452,41913,10,2014,731472,124350.24,7448,48549.76
Midmarket,Mexico,VTT,Low,1514,250,15,22710,908.4,21801.6,15140,6661.6,41548,10,2013,21801.6,3924.29,7479,10216.31
Government,Mexico,Amarilla,Low,1865,260,350,652750,26110,626640,484900,141740,41671,2,2014,626640,75196.8,7510,74053.2
Enterprise,Mexico,Amarilla,Low,1074,260,125,134250,5370,128880,128880,0,41730,4,2014,128880,16754.4,7541,-9213.4
Government,Germany,Amarilla,Low,1907,260,350,667450,26698,640752,495820,144932,41883,9,2014,640752,89705.28,7572,62798.72
Midmarket,United States of America,Amarilla,Low,671,260,15,10065,402.6,9662.4,6710,2952.4,41548,10,2013,9662.4,1449.36,7603,9106.04
Government,Canada,Amarilla,Low,1778,260,350,622300,24892,597408,462280,135128,41609,12,2013,597408,95585.28,7634,47176.72
Government,Germany,Montana,Medium,1159,5,7,8113,405.65,7707.35,5795,1912.35,41548,10,2013,7707.35,1310.25,7665,8267.1
Government,Germany,Paseo,Medium,1372,10,7,9604,480.2,9123.8,6860,2263.8,41640,1,2014,9123.8,1642.28,7696,8317.52
Government,Canada,Paseo,Medium,2349,10,7,16443,822.15,15620.85,11745,3875.85,41518,9,2013,15620.85,1874.5,7727,9728.35
Government,Mexico,Paseo,Medium,2689,10,7,18823,941.15,17881.85,13445,4436.85,41913,10,2014,17881.85,2324.64,7758,9870.21
Channel Partners,Canada,Paseo,Medium,2431,10,12,29172,1458.6,27713.4,7293,20420.4,41974,12,2014,27713.4,3879.88,7789,24329.52
Channel Partners,Canada,Velo,Medium,2431,120,12,29172,1458.6,27713.4,7293,20420.4,41974,12,2014,27713.4,4157.01,7820,24083.39
Government,Mexico,VTT,Medium,2689,250,7,18823,941.15,17881.85,13445,4436.85,41913,10,2014,17881.85,2861.1,7851,9426.75
Government,Mexico,Amarilla,Medium,1683,260,7,11781,589.05,11191.95,8415,2776.95,41821,7,2014,11191.95,1902.63,7882,8756.32
Channel Partners,Mexico,Amarilla,Medium,1123,260,12,13476,673.8,12802.2,3369,9433.2,41852,8,2014,12802.2,2304.4,7913,15041.8
Government,Germany,Amarilla,Medium,1159,260,7,8113,405.65,7707.35,5795,1912.35,41548,10,2013,7707.35,924.88,7944,8931.47
Channel Partners,France,Carretera,Medium,1865,3,12,22380,1119,21261,5595,15666,41671,2,2014,21261,2763.93,7975,20877.07
Channel Partners,Germany,Carretera,Medium,1116,3,12,13392,669.6,12722.4,3348,9374.4,41671,2,2014,12722.4,1781.14,8006,15599.26
Government,France,Carretera,Medium,1563,3,20,31260,1563,29697,15630,14067,41760,5,2014,29697,4454.55,8037,17649.45
Small Business,United States of America,Carretera,Medium,991,3,300,297300,14865,282435,247750,34685,41791,6,2014,282435,45189.6,8068,-2436.6
Government,Germany,Carretera,Medium,1016,3,7,7112,355.6,6756.4,5080,1676.4,41579,11,2013,6756.4,1148.59,8099,8626.81
Midmarket,Mexico,Carretera,Medium,2791,3,15,41865,2093.25,39771.75,27910,11861.75,41944,11,2014,39771.75,7158.92,8130,12832.83
Government,United States of America,Carretera,Medium,570,3,7,3990,199.5,3790.5,2850,940.5,41974,12,2014,3790.5,454.86,8161,8646.64
Government,France,Carretera,Medium,2487,3,7,17409,870.45,16538.55,12435,4103.55,41974,12,2014,16538.55,2150.01,8192,10145.54
Government,France,Montana,Medium,1384.5,5,350,484575,24228.75,460346.25,359970,100376.25,41640,1,2014,460346.25,64448.48,8223,44150.77
Enterprise,United States of America,Montana,Medium,3627,5,125,453375,22668.75,430706.25,435240,-4533.75,41821,7,2014,430706.25,64605.94,8254,-60885.69
Government,Mexico,Montana,Medium,720,5,350,252000,12600,239400,187200,52200,41518,9,2013,239400,38304,8285,22181
Channel Partners,Germany,Montana,Medium,2342,5,12,28104,1405.2,26698.8,7026,19672.8,41944,11,2014,26698.8,4538.8,8316,23450
Small Business,Mexico,Montana,Medium,1100,5,300,330000,16500,313500,275000,38500,41609,12,2013,313500,56430,8347,-9583
Government,France,Paseo,Medium,1303,10,20,26060,1303,24757,13030,11727,41671,2,2014,24757,2970.84,8378,17134.16
Enterprise,United States of America,Paseo,Medium,2992,10,125,374000,18700,355300,359040,-3740,41699,3,2014,355300,46189,8409,-41520
Enterprise,France,Paseo,Medium,2385,10,125,298125,14906.25,283218.75,286200,-2981.25,41699,3,2014,283218.75,39650.63,8440,-34191.88
Small Business,Mexico,Paseo,Medium,1607,10,300,482100,24105,457995,401750,56245,41730,4,2014,457995,68699.25,8471,-3983.25
Government,United States of America,Paseo,Medium,2327,10,7,16289,814.45,15474.55,11635,3839.55,41760,5,2014,15474.55,2475.93,8502,9865.62
Small Business,United States of America,Paseo,Medium,991,10,300,297300,14865,282435,247750,34685,41791,6,2014,282435,48013.95,8533,-4795.95
Government,United States of America,Paseo,Medium,602,10,350,210700,10535,200165,156520,43645,41791,6,2014,200165,36029.7,8564,16179.3
Midmarket,France,Paseo,Medium,2620,10,15,39300,1965,37335,26200,11135,41883,9,2014,37335,4480.2,8595,15249.8
Government,Canada,Paseo,Medium,1228,10,350,429800,21490,408310,319280,89030,41548,10,2013,408310,53080.3,8626,44575.7
Government,Canada,Paseo,Medium,1389,10,20,27780,1389,26391,13890,12501,41548,10,2013,26391,3694.74,8657,17463.26
Enterprise,United States of America,Paseo,Medium,861,10,125,107625,5381.25,102243.75,103320,-1076.25,41913,10,2014,102243.75,15336.56,8688,-7724.81
Enterprise,France,Paseo,Medium,704,10,125,88000,4400,83600,84480,-880,41548,10,2013,83600,13376,8719,-5537
Government,Canada,Paseo,Medium,1802,10,20,36040,1802,34238,18020,16218,41609,12,2013,34238,5820.46,8750,19147.54
Government,United States of America,Paseo,Medium,2663,10,20,53260,2663,50597,26630,23967,41974,12,2014,50597,9107.46,8781,23640.54
Government,France,Paseo,Medium,2136,10,7,14952,747.6,14204.4,10680,3524.4,41609,12,2013,14204.4,1704.53,8812,10631.87
Midmarket,Germany,Paseo,Medium,2116,10,15,31740,1587,30153,21160,8993,41609,12,2013,30153,3919.89,8843,13916.11
Midmarket,United States of America,Velo,Medium,555,120,15,8325,416.25,7908.75,5550,2358.75,41640,1,2014,7908.75,1107.23,8874,10125.52
Midmarket,Mexico,Velo,Medium,2861,120,15,42915,2145.75,40769.25,28610,12159.25,41640,1,2014,40769.25,6115.39,8905,14948.86
Enterprise,Germany,Velo,Medium,807,120,125,100875,5043.75,95831.25,96840,-1008.75,41671,2,2014,95831.25,15333,8936,-7405.75
Government,United States of America,Velo,Medium,602,120,350,210700,10535,200165,156520,43645,41791,6,2014,200165,34028.05,8967,18583.95
Government,United States of America,Velo,Medium,2832,120,20,56640,2832,53808,28320,25488,41852,8,2014,53808,9685.44,8998,24800.56
Government,France,Velo,Medium,1579,120,20,31580,1579,30001,15790,14211,41852,8,2014,30001,3600.12,9029,19639.88
Enterprise,United States of America,Velo,Medium,861,120,125,107625,5381.25,102243.75,103320,-1076.25,41913,10,2014,102243.75,13291.69,9060,-5307.94
Enterprise,France,Velo,Medium,704,120,125,88000,4400,83600,84480,-880,41548,10,2013,83600,11704,9091,-3493
Government,France,Velo,Medium,1033,120,20,20660,1033,19627,10330,9297,41609,12,2013,19627,2944.05,9122,15474.95
Small Business,Germany,Velo,Medium,1250,120,300,375000,18750,356250,312500,43750,41974,12,2014,356250,57000,9153,-4097
Government,Canada,VTT,Medium,1389,250,20,27780,1389,26391,13890,12501,41548,10,2013,26391,4486.47,9184,17198.53
Government,United States of America,VTT,Medium,1265,250,20,25300,1265,24035,12650,11385,41579,11,2013,24035,4326.3,9215,16273.7
Government,Germany,VTT,Medium,2297,250,20,45940,2297,43643,22970,20673,41579,11,2013,43643,5237.16,9246,24681.84
Government,United States of America,VTT,Medium,2663,250,20,53260,2663,50597,26630,23967,41974,12,2014,50597,6577.61,9277,26666.39
Government,United States of America,VTT,Medium,570,250,7,3990,199.5,3790.5,2850,940.5,41974,12,2014,3790.5,530.67,9308,9717.83
Government,France,VTT,Medium,2487,250,7,17409,870.45,16538.55,12435,4103.55,41974,12,2014,16538.55,2480.78,9339,10961.77
Government,Germany,Amarilla,Medium,1350,260,350,472500,23625,448875,351000,97875,41671,2,2014,448875,71820,9370,35425
Government,Canada,Amarilla,Medium,552,260,350,193200,9660,183540,143520,40020,41852,8,2014,183540,31201.8,9401,18219.2
Government,Canada,Amarilla,Medium,1228,260,350,429800,21490,408310,319280,89030,41548,10,2013,408310,73495.8,9432,24966.2
Small Business,Germany,Amarilla,Medium,1250,260,300,375000,18750,356250,312500,43750,41974,12,2014,356250,42750,9463,10463
Midmarket,France,Paseo,Medium,3801,10,15,57015,3420.9,53594.1,38010,15584.1,41730,4,2014,53594.1,6967.23,9494,18110.87
Government,United States of America,Carretera,Medium,1117.5,3,20,22350,1341,21009,11175,9834,41640,1,2014,21009,2941.26,9525,16417.74
Midmarket,Canada,Carretera,Medium,2844,3,15,42660,2559.6,40100.4,28440,11660.4,41791,6,2014,40100.4,6015.06,9556,15201.34
Channel Partners,Mexico,Carretera,Medium,562,3,12,6744,404.64,6339.36,1686,4653.36,41883,9,2014,6339.36,1014.3,9587,13226.06
Channel Partners,Canada,Carretera,Medium,2299,3,12,27588,1655.28,25932.72,6897,19035.72,41548,10,2013,25932.72,4408.56,9618,24245.16
Midmarket,United States of America,Carretera,Medium,2030,3,15,30450,1827,28623,20300,8323,41944,11,2014,28623,5152.14,9649,12819.86
Government,United States of America,Carretera,Medium,263,3,7,1841,110.46,1730.54,1315,415.54,41579,11,2013,1730.54,207.66,9680,9887.88
Enterprise,Germany,Carretera,Medium,887,3,125,110875,6652.5,104222.5,106440,-2217.5,41609,12,2013,104222.5,13548.93,9711,-6055.43
Government,Mexico,Montana,Medium,980,5,350,343000,20580,322420,254800,67620,41730,4,2014,322420,45138.8,9742,32223.2
Government,Germany,Montana,Medium,1460,5,350,511000,30660,480340,379600,100740,41760,5,2014,480340,72051,9773,38462
Government,France,Montana,Medium,1403,5,7,9821,589.26,9231.74,7015,2216.74,41548,10,2013,9231.74,1477.08,9804,10543.66
Channel Partners,United States of America,Montana,Medium,2723,5,12,32676,1960.56,30715.44,8169,22546.44,41944,11,2014,30715.44,5221.62,9835,27159.82
Government,France,Paseo,Medium,1496,10,350,523600,31416,492184,388960,103224,41791,6,2014,492184,88593.12,9866,24496.88
Channel Partners,Canada,Paseo,Medium,2299,10,12,27588,1655.28,25932.72,6897,19035.72,41548,10,2013,25932.72,3111.93,9897,25820.79
Government,United States of America,Paseo,Medium,727,10,350,254450,15267,239183,189020,50163,41548,10,2013,239183,31093.79,9928,28997.21
Enterprise,Canada,Velo,Medium,952,120,125,119000,7140,111860,114240,-2380,41671,2,2014,111860,15660.4,9959,-8081.4
Enterprise,United States of America,Velo,Medium,2755,120,125,344375,20662.5,323712.5,330600,-6887.5,41671,2,2014,323712.5,48556.88,9990,-45454.38
Midmarket,Germany,Velo,Medium,1530,120,15,22950,1377,21573,15300,6273,41760,5,2014,21573,3451.68,1021,3842.32
Government,France,Velo,Medium,1496,120,350,523600,31416,492184,388960,103224,41791,6,2014,492184,83671.28,1052,20604.72
Government,Mexico,Velo,Medium,1498,120,7,10486,629.16,9856.84,7490,2366.84,41791,6,2014,9856.84,1774.23,1083,1675.61
Small Business,France,Velo,Medium,1221,120,300,366300,21978,344322,305250,39072,41548,10,2013,344322,41318.64,1114,-1132.64
Government,France,Velo,Medium,2076,120,350,726600,43596,683004,539760,143244,41548,10,2013,683004,88790.52,1145,55598.48
Midmarket,Canada,VTT,Medium,2844,250,15,42660,2559.6,40100.4,28440,11660.4,41791,6,2014,40100.4,5614.06,1176,7222.34
Government,Mexico,VTT,Medium,1498,250,7,10486,629.16,9856.84,7490,2366.84,41791,6,2014,9856.84,1478.53,1207,2095.31
Small Business,France,VTT,Medium,1221,250,300,366300,21978,344322,305250,39072,41548,10,2013,344322,55091.52,1238,-14781.52
Government,Mexico,VTT,Medium,1123,250,20,22460,1347.6,21112.4,11230,9882.4,41579,11,2013,21112.4,3589.11,1269,7562.29
Small Business,Canada,VTT,Medium,2436,250,300,730800,43848,686952,609000,77952,41609,12,2013,686952,123651.36,1300,-44399.36
Enterprise,France,Amarilla,Medium,1987.5,260,125,248437.5,14906.25,233531.25,238500,-4968.75,41640,1,2014,233531.25,28023.75,1331,-31661.5
Government,Mexico,Amarilla,Medium,1679,260,350,587650,35259,552391,436540,115851,41883,9,2014,552391,71810.83,1362,45402.17
Government,United States of America,Amarilla,Medium,727,260,350,254450,15267,239183,189020,50163,41548,10,2013,239183,33485.62,1393,18070.38
Government,France,Amarilla,Medium,1403,260,7,9821,589.26,9231.74,7015,2216.74,41548,10,2013,9231.74,1384.76,1424,2255.98
Government,France,Amarilla,Medium,2076,260,350,726600,43596,683004,539760,143244,41548,10,2013,683004,109280.64,1455,35418.36
Government,France,Montana,Medium,1757,5,20,35140,2108.4,33031.6,17570,15461.6,41548,10,2013,33031.6,5615.37,1486,11332.23
Midmarket,United States of America,Paseo,Medium,2198,10,15,32970,1978.2,30991.8,21980,9011.8,41852,8,2014,30991.8,5578.52,1517,4950.28
Midmarket,Germany,Paseo,Medium,1743,10,15,26145,1568.7,24576.3,17430,7146.3,41852,8,2014,24576.3,2949.16,1548,5745.14
Midmarket,United States of America,Paseo,Medium,1153,10,15,17295,1037.7,16257.3,11530,4727.3,41913,10,2014,16257.3,2113.45,1579,4192.85
Government,France,Paseo,Medium,1757,10,20,35140,2108.4,33031.6,17570,15461.6,41548,10,2013,33031.6,4624.42,1610,12447.18
Government,Germany,Velo,Medium,1001,120,20,20020,1201.2,18818.8,10010,8808.8,41852,8,2014,18818.8,2822.82,1641,7626.98
Government,Mexico,Velo,Medium,1333,120,7,9331,559.86,8771.14,6665,2106.14,41944,11,2014,8771.14,1403.38,1672,2374.76
Midmarket,United States of America,VTT,Medium,1153,250,15,17295,1037.7,16257.3,11530,4727.3,41913,10,2014,16257.3,2763.74,1703,3666.56
Channel Partners,Mexico,Carretera,Medium,727,3,12,8724,610.68,8113.32,2181,5932.32,41671,2,2014,8113.32,1460.4,1734,6205.92
Channel Partners,Canada,Carretera,Medium,1884,3,12,22608,1582.56,21025.44,5652,15373.44,41852,8,2014,21025.44,2523.05,1765,14615.39
Government,Mexico,Carretera,Medium,1834,3,20,36680,2567.6,34112.4,18340,15772.4,41518,9,2013,34112.4,4434.61,1796,13133.79
Channel Partners,Mexico,Montana,Medium,2340,5,12,28080,1965.6,26114.4,7020,19094.4,41640,1,2014,26114.4,3656.02,1827,17265.38
Channel Partners,France,Montana,Medium,2342,5,12,28104,1967.28,26136.72,7026,19110.72,41944,11,2014,26136.72,3920.51,1858,17048.21
Government,France,Paseo,Medium,1031,10,7,7217,505.19,6711.81,5155,1556.81,41518,9,2013,6711.81,1073.89,1889,2371.92
Midmarket,Canada,Velo,Medium,1262,120,15,18930,1325.1,17604.9,12620,4984.9,41760,5,2014,17604.9,2992.83,1920,3912.07
Government,Canada,Velo,Medium,1135,120,7,7945,556.15,7388.85,5675,1713.85,41791,6,2014,7388.85,1329.99,1951,2334.86
Government,United States of America,Velo,Medium,547,120,7,3829,268.03,3560.97,2735,825.97,41944,11,2014,3560.97,427.32,1982,2380.65
Government,Canada,Velo,Medium,1582,120,7,11074,775.18,10298.82,7910,2388.82,41974,12,2014,10298.82,1338.85,2013,3062.97
Channel Partners,France,VTT,Medium,1738.5,250,12,20862,1460.34,19401.66,5215.5,14186.16,41730,4,2014,19401.66,2716.23,2044,13513.93
Channel Partners,Germany,VTT,Medium,2215,250,12,26580,1860.6,24719.4,6645,18074.4,41518,9,2013,24719.4,3707.91,2075,16441.49
Government,Canada,VTT,Medium,1582,250,7,11074,775.18,10298.82,7910,2388.82,41974,12,2014,10298.82,1647.81,2106,2847.01
Government,Canada,Amarilla,Medium,1135,260,7,7945,556.15,7388.85,5675,1713.85,41791,6,2014,7388.85,1256.1,2137,2594.75
Government,United States of America,Carretera,Medium,1761,3,350,616350,43144.5,573205.5,457860,115345.5,41699,3,2014,573205.5,103176.99,2168,14336.51
Small Business,France,Carretera,Medium,448,3,300,134400,9408,124992,112000,12992,41791,6,2014,124992,14999.04,2199,191.96
Small Business,France,Carretera,Medium,2181,3,300,654300,45801,608499,545250,63249,41913,10,2014,608499,79104.87,2230,-13625.87
Government,France,Montana,Medium,1976,5,20,39520,2766.4,36753.6,19760,16993.6,41913,10,2014,36753.6,5145.5,2261,14109.1
Small Business,France,Montana,Medium,2181,5,300,654300,45801,608499,545250,63249,41913,10,2014,608499,91274.85,2292,-25733.85
Enterprise,Germany,Montana,Medium,2500,5,125,312500,21875,290625,300000,-9375,41579,11,2013,290625,46500,2323,-53552
Small Business,Canada,Paseo,Medium,1702,10,300,510600,35742,474858,425500,49358,41760,5,2014,474858,80725.86,2354,-29013.86
Small Business,France,Paseo,Medium,448,10,300,134400,9408,124992,112000,12992,41791,6,2014,124992,22498.56,2385,-7121.56
Enterprise,Germany,Paseo,Medium,3513,10,125,439125,30738.75,408386.25,421560,-13173.75,41821,7,2014,408386.25,49006.35,2416,-59764.1
Midmarket,France,Paseo,Medium,2101,10,15,31515,2206.05,29308.95,21010,8298.95,41852,8,2014,29308.95,3810.16,2447,6935.79
Midmarket,United States of America,Paseo,Medium,2931,10,15,43965,3077.55,40887.45,29310,11577.45,41518,9,2013,40887.45,5724.24,2478,8331.21
Government,France,Paseo,Medium,1535,10,20,30700,2149,28551,15350,13201,41883,9,2014,28551,4282.65,2509,11427.35
Small Business,Germany,Paseo,Medium,1123,10,300,336900,23583,313317,280750,32567,41518,9,2013,313317,50130.72,2540,-15023.72
Small Business,Canada,Paseo,Medium,1404,10,300,421200,29484,391716,351000,40716,41579,11,2013,391716,66591.72,2571,-23304.72
Channel Partners,Mexico,Paseo,Medium,2763,10,12,33156,2320.92,30835.08,8289,22546.08,41579,11,2013,30835.08,5550.31,2602,19597.77
Government,Germany,Paseo,Medium,2125,10,7,14875,1041.25,13833.75,10625,3208.75,41609,12,2013,13833.75,1660.05,2633,4181.7
Small Business,France,Velo,Medium,1659,120,300,497700,34839,462861,414750,48111,41821,7,2014,462861,60171.93,2664,-9396.93
Government,Mexico,Velo,Medium,609,120,20,12180,852.6,11327.4,6090,5237.4,41852,8,2014,11327.4,1585.84,2695,6346.56
Enterprise,Germany,Velo,Medium,2087,120,125,260875,18261.25,242613.75,250440,-7826.25,41883,9,2014,242613.75,36392.06,2726,-41492.31
Government,France,Velo,Medium,1976,120,20,39520,2766.4,36753.6,19760,16993.6,41913,10,2014,36753.6,5880.58,2757,13870.02
Government,United States of America,Velo,Medium,1421,120,20,28420,1989.4,26430.6,14210,12220.6,41609,12,2013,26430.6,4493.2,2788,10515.4
Small Business,United States of America,Velo,Medium,1372,120,300,411600,28812,382788,343000,39788,41974,12,2014,382788,68901.84,2819,-26294.84
Government,Germany,Velo,Medium,588,120,20,11760,823.2,10936.8,5880,5056.8,41609,12,2013,10936.8,1312.42,2850,6594.38
Channel Partners,Canada,VTT,Medium,3244.5,250,12,38934,2725.38,36208.62,9733.5,26475.12,41640,1,2014,36208.62,4707.12,2881,24649
Small Business,France,VTT,Medium,959,250,300,287700,20139,267561,239750,27811,41671,2,2014,267561,37458.54,2912,-6735.54
Small Business,Mexico,VTT,Medium,2747,250,300,824100,57687,766413,686750,79663,41671,2,2014,766413,114961.95,2943,-32355.95
Enterprise,Canada,Amarilla,Medium,1645,260,125,205625,14393.75,191231.25,197400,-6168.75,41760,5,2014,191231.25,30597,2974,-33791.75
Government,France,Amarilla,Medium,2876,260,350,1006600,70462,936138,747760,188378,41883,9,2014,936138,159143.46,3005,32239.54
Enterprise,Germany,Amarilla,Medium,994,260,125,124250,8697.5,115552.5,119280,-3727.5,41518,9,2013,115552.5,20799.45,3036,-21490.95
Government,Canada,Amarilla,Medium,1118,260,20,22360,1565.2,20794.8,11180,9614.8,41944,11,2014,20794.8,2495.38,3067,10186.42
Small Business,United States of America,Amarilla,Medium,1372,260,300,411600,28812,382788,343000,39788,41974,12,2014,382788,49762.44,3098,-6876.44
Government,Canada,Montana,Medium,488,5,7,3416,273.28,3142.72,2440,702.72,41671,2,2014,3142.72,439.98,3129,3391.74
Government,United States of America,Montana,Medium,1282,5,20,25640,2051.2,23588.8,12820,10768.8,41791,6,2014,23588.8,3538.32,3160,10390.48
Government,Canada,Paseo,Medium,257,10,7,1799,143.92,1655.08,1285,370.08,41760,5,2014,1655.08,264.81,3191,3296.27
Government,United States of America,Amarilla,Medium,1282,260,20,25640,2051.2,23588.8,12820,10768.8,41791,6,2014,23588.8,4010.1,3222,9980.7
Enterprise,Mexico,Carretera,Medium,1540,3,125,192500,15400,177100,184800,-7700,41852,8,2014,177100,31878,3253,-36325
Midmarket,France,Carretera,Medium,490,3,15,7350,588,6762,4900,1862,41944,11,2014,6762,811.44,3284,4334.56
Government,Mexico,Carretera,Medium,1362,3,350,476700,38136,438564,354120,84444,41974,12,2014,438564,57013.32,3315,30745.68
Midmarket,France,Montana,Medium,2501,5,15,37515,3001.2,34513.8,25010,9503.8,41699,3,2014,34513.8,4831.93,3346,8017.87
Government,Canada,Montana,Medium,708,5,20,14160,1132.8,13027.2,7080,5947.2,41791,6,2014,13027.2,1954.08,3377,7370.12
Government,Germany,Montana,Medium,645,5,20,12900,1032,11868,6450,5418,41821,7,2014,11868,1898.88,3408,6927.12
Small Business,France,Montana,Medium,1562,5,300,468600,37488,431112,390500,40612,41852,8,2014,431112,73289.04,3439,-29238.04
Small Business,Canada,Montana,Medium,1283,5,300,384900,30792,354108,320750,33358,41518,9,2013,354108,63739.44,3470,-26911.44
Midmarket,Germany,Montana,Medium,711,5,15,10665,853.2,9811.8,7110,2701.8,41974,12,2014,9811.8,1177.42,3501,5025.38
Enterprise,Mexico,Paseo,Medium,1114,10,125,139250,11140,128110,133680,-5570,41699,3,2014,128110,16654.3,3532,-18692.3
Government,Germany,Paseo,Medium,1259,10,7,8813,705.04,8107.96,6295,1812.96,41730,4,2014,8107.96,1135.11,3563,4240.85
Government,Germany,Paseo,Medium,1095,10,7,7665,613.2,7051.8,5475,1576.8,41760,5,2014,7051.8,1057.77,3594,4113.03
Government,Germany,Paseo,Medium,1366,10,20,27320,2185.6,25134.4,13660,11474.4,41791,6,2014,25134.4,4021.5,3625,11077.9
Small Business,Mexico,Paseo,Medium,2460,10,300,738000,59040,678960,615000,63960,41791,6,2014,678960,115423.2,3656,-47807.2
Government,United States of America,Paseo,Medium,678,10,7,4746,379.68,4366.32,3390,976.32,41852,8,2014,4366.32,785.94,3687,3877.38
Government,Germany,Paseo,Medium,1598,10,7,11186,894.88,10291.12,7990,2301.12,41852,8,2014,10291.12,1234.93,3718,4784.19
Government,Germany,Paseo,Medium,2409,10,7,16863,1349.04,15513.96,12045,3468.96,41518,9,2013,15513.96,2016.81,3749,5201.15
Government,Germany,Paseo,Medium,1934,10,20,38680,3094.4,35585.6,19340,16245.6,41883,9,2014,35585.6,4981.98,3780,15043.62
Government,Mexico,Paseo,Medium,2993,10,20,59860,4788.8,55071.2,29930,25141.2,41883,9,2014,55071.2,8260.68,3811,20691.52
Government,Germany,Paseo,Medium,2146,10,350,751100,60088,691012,557960,133052,41579,11,2013,691012,110561.92,3842,26332.08
Government,Mexico,Paseo,Medium,1946,10,7,13622,1089.76,12532.24,9730,2802.24,41609,12,2013,12532.24,2130.48,3873,4544.76
Government,Mexico,Paseo,Medium,1362,10,350,476700,38136,438564,354120,84444,41974,12,2014,438564,78941.52,3904,9406.48
Channel Partners,Canada,Velo,Medium,598,120,12,7176,574.08,6601.92,1794,4807.92,41699,3,2014,6601.92,792.23,3935,7950.69
Government,United States of America,Velo,Medium,2907,120,7,20349,1627.92,18721.08,14535,4186.08,41791,6,2014,18721.08,2433.74,3966,5718.34
Government,Germany,Velo,Medium,2338,120,7,16366,1309.28,15056.72,11690,3366.72,41791,6,2014,15056.72,2107.94,3997,5255.78
Small Business,France,Velo,Medium,386,120,300,115800,9264,106536,96500,10036,41579,11,2013,106536,15980.4,4028,-1916.4
Small Business,Mexico,Velo,Medium,635,120,300,190500,15240,175260,158750,16510,41974,12,2014,175260,28041.6,4059,-7472.6
Government,France,VTT,Medium,574.5,250,350,201075,16086,184989,149370,35619,41730,4,2014,184989,31448.13,4090,8260.87
Government,Germany,VTT,Medium,2338,250,7,16366,1309.28,15056.72,11690,3366.72,41791,6,2014,15056.72,2710.21,4121,4777.51
Government,France,VTT,Medium,381,250,350,133350,10668,122682,99060,23622,41852,8,2014,122682,14721.84,4152,13052.16
Government,Germany,VTT,Medium,422,250,350,147700,11816,135884,109720,26164,41852,8,2014,135884,17664.92,4183,12682.08
Small Business,Canada,VTT,Medium,2134,250,300,640200,51216,588984,533500,55484,41883,9,2014,588984,82457.76,4214,-22759.76
Small Business,United States of America,VTT,Medium,808,250,300,242400,19392,223008,202000,21008,41609,12,2013,223008,33451.2,4245,-8198.2
Government,Canada,Amarilla,Medium,708,260,20,14160,1132.8,13027.2,7080,5947.2,41791,6,2014,13027.2,2084.35,4276,8138.85
Government,United States of America,Amarilla,Medium,2907,260,7,20349,1627.92,18721.08,14535,4186.08,41791,6,2014,18721.08,3182.58,4307,5310.5
Government,Germany,Amarilla,Medium,1366,260,20,27320,2185.6,25134.4,13660,11474.4,41791,6,2014,25134.4,4524.19,4338,11288.21
Small Business,Mexico,Amarilla,Medium,2460,260,300,738000,59040,678960,615000,63960,41791,6,2014,678960,81475.2,4369,-13146.2
Government,Germany,Amarilla,Medium,1520,260,20,30400,2432,27968,15200,12768,41944,11,2014,27968,3635.84,4400,13532.16
Midmarket,Germany,Amarilla,Medium,711,260,15,10665,853.2,9811.8,7110,2701.8,41974,12,2014,9811.8,1373.65,4431,5759.15
Channel Partners,Mexico,Amarilla,Medium,1375,260,12,16500,1320,15180,4125,11055,41609,12,2013,15180,2277,4462,13240
Small Business,Mexico,Amarilla,Medium,635,260,300,190500,15240,175260,158750,16510,41974,12,2014,175260,28041.6,4493,-7038.6
Government,United States of America,VTT,Medium,436.5,250,20,8730,698.4,8031.6,4365,3666.6,41821,7,2014,8031.6,1365.37,4524,6825.23
Small Business,Canada,Carretera,Medium,1094,3,300,328200,29538,298662,273500,25162,41791,6,2014,298662,53759.16,4555,-24042.16
Channel Partners,Mexico,Carretera,Medium,367,3,12,4404,396.36,4007.64,1101,2906.64,41548,10,2013,4007.64,480.92,4586,7011.72
Small Business,Canada,Montana,Medium,3802.5,5,300,1140750,102667.5,1038082.5,950625,87457.5,41730,4,2014,1038082.5,134950.73,4617,-42876.23
Government,France,Montana,Medium,1666,5,350,583100,52479,530621,433160,97461,41760,5,2014,530621,74286.94,4648,27822.06
Small Business,France,Montana,Medium,322,5,300,96600,8694,87906,80500,7406,41518,9,2013,87906,13185.9,4679,-1100.9
Channel Partners,Canada,Montana,Medium,2321,5,12,27852,2506.68,25345.32,6963,18382.32,41944,11,2014,25345.32,4055.25,4710,19037.07
Enterprise,France,Montana,Medium,1857,5,125,232125,20891.25,211233.75,222840,-11606.25,41579,11,2013,211233.75,35909.74,4741,-42774.99
Government,Canada,Montana,Medium,1611,5,7,11277,1014.93,10262.07,8055,2207.07,41609,12,2013,10262.07,1847.17,4772,5131.9
Enterprise,United States of America,Montana,Medium,2797,5,125,349625,31466.25,318158.75,335640,-17481.25,41974,12,2014,318158.75,38179.05,4803,-50857.3
Small Business,Germany,Montana,Medium,334,5,300,100200,9018,91182,83500,7682,41609,12,2013,91182,11853.66,4834,662.34
Small Business,Mexico,Paseo,Medium,2565,10,300,769500,69255,700245,641250,58995,41640,1,2014,700245,98034.3,4865,-34174.3
Government,Mexico,Paseo,Medium,2417,10,350,845950,76135.5,769814.5,628420,141394.5,41640,1,2014,769814.5,115472.18,4896,30818.32
Midmarket,United States of America,Paseo,Medium,3675,10,15,55125,4961.25,50163.75,36750,13413.75,41730,4,2014,50163.75,8026.2,4927,10314.55
Small Business,Canada,Paseo,Medium,1094,10,300,328200,29538,298662,273500,25162,41791,6,2014,298662,50772.54,4958,-20652.54
Midmarket,France,Paseo,Medium,1227,10,15,18405,1656.45,16748.55,12270,4478.55,41913,10,2014,16748.55,3014.74,4989,6452.81
Channel Partners,Mexico,Paseo,Medium,367,10,12,4404,396.36,4007.64,1101,2906.64,41548,10,2013,4007.64,480.92,5020,7445.72
Small Business,France,Paseo,Medium,1324,10,300,397200,35748,361452,331000,30452,41944,11,2014,361452,46988.76,5051,-11485.76
Channel Partners,Germany,Paseo,Medium,1775,10,12,21300,1917,19383,5325,14058,41579,11,2013,19383,2713.62,5082,16426.38
Enterprise,United States of America,Paseo,Medium,2797,10,125,349625,31466.25,318158.75,335640,-17481.25,41974,12,2014,318158.75,47723.81,5113,-60092.06
Midmarket,Mexico,Velo,Medium,245,120,15,3675,330.75,3344.25,2450,894.25,41760,5,2014,3344.25,535.08,5144,5503.17
Small Business,Canada,Velo,Medium,3793.5,120,300,1138050,102424.5,1035625.5,948375,87250.5,41821,7,2014,1035625.5,176056.34,5175,-83630.84
Government,Germany,Velo,Medium,1307,120,350,457450,41170.5,416279.5,339820,76459.5,41821,7,2014,416279.5,74930.31,5206,6735.19
Enterprise,Canada,Velo,Medium,567,120,125,70875,6378.75,64496.25,68040,-3543.75,41883,9,2014,64496.25,7739.55,5237,-6046.3
Enterprise,Mexico,Velo,Medium,2110,120,125,263750,23737.5,240012.5,253200,-13187.5,41883,9,2014,240012.5,31201.63,5268,-39121.13
Government,Canada,Velo,Medium,1269,120,350,444150,39973.5,404176.5,329940,74236.5,41913,10,2014,404176.5,56584.71,5299,22950.79
Channel Partners,United States of America,VTT,Medium,1956,250,12,23472,2112.48,21359.52,5868,15491.52,41640,1,2014,21359.52,3203.93,5330,17617.59
Small Business,Germany,VTT,Medium,2659,250,300,797700,71793,725907,664750,61157,41671,2,2014,725907,116145.12,5361,-49627.12
Government,United States of America,VTT,Medium,1351.5,250,350,473025,42572.25,430452.75,351390,79062.75,41730,4,2014,430452.75,73176.97,5392,11277.78
Channel Partners,Germany,VTT,Medium,880,250,12,10560,950.4,9609.6,2640,6969.6,41760,5,2014,9609.6,1729.73,5423,10662.87
Small Business,United States of America,VTT,Medium,1867,250,300,560100,50409,509691,466750,42941,41883,9,2014,509691,61162.92,5454,-12767.92
Channel Partners,France,VTT,Medium,2234,250,12,26808,2412.72,24395.28,6702,17693.28,41518,9,2013,24395.28,3171.39,5485,20006.89
Midmarket,France,VTT,Medium,1227,250,15,18405,1656.45,16748.55,12270,4478.55,41913,10,2014,16748.55,2344.8,5516,7649.75
Enterprise,Mexico,VTT,Medium,877,250,125,109625,9866.25,99758.75,105240,-5481.25,41944,11,2014,99758.75,14963.81,5547,-14898.06
Government,United States of America,Amarilla,Medium,2071,260,350,724850,65236.5,659613.5,538460,121153.5,41883,9,2014,659613.5,105538.16,5578,21193.34
Government,Canada,Amarilla,Medium,1269,260,350,444150,39973.5,404176.5,329940,74236.5,41913,10,2014,404176.5,68710.01,5609,11135.49
Midmarket,Germany,Amarilla,Medium,970,260,15,14550,1309.5,13240.5,9700,3540.5,41579,11,2013,13240.5,2383.29,5640,6797.21
Government,Mexico,Amarilla,Medium,1694,260,20,33880,3049.2,30830.8,16940,13890.8,41944,11,2014,30830.8,3699.7,5671,15862.1
Government,Germany,Carretera,Medium,663,3,20,13260,1193.4,12066.6,6630,5436.6,41760,5,2014,12066.6,1568.66,5702,9569.94
Government,Canada,Carretera,Medium,819,3,7,5733,515.97,5217.03,4095,1122.03,41821,7,2014,5217.03,730.38,5733,6124.65
Channel Partners,Germany,Carretera,Medium,1580,3,12,18960,1706.4,17253.6,4740,12513.6,41883,9,2014,17253.6,2588.04,5764,15689.56
Government,Mexico,Carretera,Medium,521,3,7,3647,328.23,3318.77,2605,713.77,41974,12,2014,3318.77,531,5795,5977.77
Government,United States of America,Paseo,Medium,973,10,20,19460,1751.4,17708.6,9730,7978.6,41699,3,2014,17708.6,3010.46,5826,10794.14
Government,Mexico,Paseo,Medium,1038,10,20,20760,1868.4,18891.6,10380,8511.6,41791,6,2014,18891.6,3400.49,5857,10968.11
Government,Germany,Paseo,Medium,360,10,7,2520,226.8,2293.2,1800,493.2,41913,10,2014,2293.2,275.18,5888,6106.02
Channel Partners,France,Velo,Medium,1967,120,12,23604,2124.36,21479.64,5901,15578.64,41699,3,2014,21479.64,2792.35,5919,18705.29
Midmarket,Mexico,Velo,Medium,2628,120,15,39420,3547.8,35872.2,26280,9592.2,41730,4,2014,35872.2,5022.11,5950,10520.09
Government,Germany,VTT,Medium,360,250,7,2520,226.8,2293.2,1800,493.2,41913,10,2014,2293.2,343.98,5981,6130.22
Government,France,VTT,Medium,2682,250,20,53640,4827.6,48812.4,26820,21992.4,41579,11,2013,48812.4,7809.98,6012,20194.42
Government,Mexico,VTT,Medium,521,250,7,3647,328.23,3318.77,2605,713.77,41974,12,2014,3318.77,564.19,6043,6192.58
Government,Mexico,Amarilla,Medium,1038,260,20,20760,1868.4,18891.6,10380,8511.6,41791,6,2014,18891.6,3400.49,6074,11185.11
Midmarket,Canada,Amarilla,Medium,1630.5,260,15,24457.5,2201.175,22256.325,16305,5951.325,41821,7,2014,22256.325,2670.76,6105,9385.565
Channel Partners,France,Amarilla,Medium,306,260,12,3672,330.48,3341.52,918,2423.52,41609,12,2013,3341.52,434.4,6136,8125.12
Channel Partners,United States of America,Carretera,High,386,3,12,4632,463.2,4168.8,1158,3010.8,41548,10,2013,4168.8,583.63,6167,8594.17
Government,United States of America,Montana,High,2328,5,7,16296,1629.6,14666.4,11640,3026.4,41883,9,2014,14666.4,2199.96,6198,7024.44
Channel Partners,United States of America,Paseo,High,386,10,12,4632,463.2,4168.8,1158,3010.8,41548,10,2013,4168.8,667.01,6229,8572.79
Enterprise,United States of America,Carretera,High,3445.5,3,125,430687.5,43068.75,387618.75,413460,-25841.25,41730,4,2014,387618.75,65895.19,6260,-85476.44
Enterprise,France,Carretera,High,1482,3,125,185250,18525,166725,177840,-11115,41609,12,2013,166725,30010.5,6291,-34834.5
Government,United States of America,Montana,High,2313,5,350,809550,80955,728595,601380,127215,41760,5,2014,728595,87431.4,6322,46105.6
Enterprise,United States of America,Montana,High,1804,5,125,225500,22550,202950,216480,-13530,41579,11,2013,202950,26383.5,6353,-33560.5
Midmarket,France,Montana,High,2072,5,15,31080,3108,27972,20720,7252,41974,12,2014,27972,3916.08,6384,9719.92
Government,France,Paseo,High,1954,10,20,39080,3908,35172,19540,15632,41699,3,2014,35172,5275.8,6415,16771.2
Small Business,Mexico,Paseo,High,591,10,300,177300,17730,159570,147750,11820,41760,5,2014,159570,25531.2,6446,-7265.2
Midmarket,France,Paseo,High,2167,10,15,32505,3250.5,29254.5,21670,7584.5,41548,10,2013,29254.5,4973.27,6477,9088.23
Government,Germany,Paseo,High,241,10,20,4820,482,4338,2410,1928,41913,10,2014,4338,780.84,6508,7655.16
Midmarket,Germany,Velo,High,681,120,15,10215,1021.5,9193.5,6810,2383.5,41640,1,2014,9193.5,1103.22,6539,7819.28
Midmarket,Germany,Velo,High,510,120,15,7650,765,6885,5100,1785,41730,4,2014,6885,895.05,6570,7459.95
Midmarket,United States of America,Velo,High,790,120,15,11850,1185,10665,7900,2765,41760,5,2014,10665,1493.1,6601,7872.9
Government,France,Velo,High,639,120,350,223650,22365,201285,166140,35145,41821,7,2014,201285,30192.75,6632,11584.25
Enterprise,United States of America,Velo,High,1596,120,125,199500,19950,179550,191520,-11970,41883,9,2014,179550,28728,6663,-34035
Small Business,United States of America,Velo,High,2294,120,300,688200,68820,619380,573500,45880,41548,10,2013,619380,105294.6,6694,-52720.6
Government,Germany,Velo,High,241,120,20,4820,482,4338,2410,1928,41913,10,2014,4338,780.84,6725,7872.16
Government,Germany,Velo,High,2665,120,7,18655,1865.5,16789.5,13325,3464.5,41944,11,2014,16789.5,2014.74,6756,8205.76
Enterprise,Canada,Velo,High,1916,120,125,239500,23950,215550,229920,-14370,41609,12,2013,215550,28021.5,6787,-35604.5
Small Business,France,Velo,High,853,120,300,255900,25590,230310,213250,17060,41974,12,2014,230310,32243.4,6818,-8365.4
Enterprise,Mexico,VTT,High,341,250,125,42625,4262.5,38362.5,40920,-2557.5,41760,5,2014,38362.5,5754.38,6849,-1462.88
Midmarket,Mexico,VTT,High,641,250,15,9615,961.5,8653.5,6410,2243.5,41821,7,2014,8653.5,1384.56,6880,7738.94
Government,United States of America,VTT,High,2807,250,350,982450,98245,884205,729820,154385,41852,8,2014,884205,150314.85,6911,10981.15
Small Business,Mexico,VTT,High,432,250,300,129600,12960,116640,108000,8640,41883,9,2014,116640,20995.2,6942,-5413.2
Small Business,United States of America,VTT,High,2294,250,300,688200,68820,619380,573500,45880,41548,10,2013,619380,74325.6,6973,-21472.6
Midmarket,France,VTT,High,2167,250,15,32505,3250.5,29254.5,21670,7584.5,41548,10,2013,29254.5,3803.09,7004,10785.41
Enterprise,Canada,VTT,High,2529,250,125,316125,31612.5,284512.5,303480,-18967.5,41944,11,2014,284512.5,39831.75,7035,-51764.25
Government,Germany,VTT,High,1870,250,350,654500,65450,589050,486200,102850,41609,12,2013,589050,88357.5,7066,21558.5
Enterprise,United States of America,Amarilla,High,579,260,125,72375,7237.5,65137.5,69480,-4342.5,41640,1,2014,65137.5,10422,7097,-7667.5
Government,Canada,Amarilla,High,2240,260,350,784000,78400,705600,582400,123200,41671,2,2014,705600,119952,7128,10376
Small Business,United States of America,Amarilla,High,2993,260,300,897900,89790,808110,748250,59860,41699,3,2014,808110,145459.8,7159,-78440.8
Channel Partners,Canada,Amarilla,High,3520.5,260,12,42246,4224.6,38021.4,10561.5,27459.9,41730,4,2014,38021.4,4562.57,7190,30087.33
Government,Mexico,Amarilla,High,2039,260,20,40780,4078,36702,20390,16312,41760,5,2014,36702,4771.26,7221,18761.74
Channel Partners,Germany,Amarilla,High,2574,260,12,30888,3088.8,27799.2,7722,20077.2,41852,8,2014,27799.2,3891.89,7252,23437.31
Government,Canada,Amarilla,High,707,260,350,247450,24745,222705,183820,38885,41883,9,2014,222705,33405.75,7283,12762.25
Midmarket,France,Amarilla,High,2072,260,15,31080,3108,27972,20720,7252,41974,12,2014,27972,4475.52,7314,10090.48
Small Business,France,Amarilla,High,853,260,300,255900,25590,230310,213250,17060,41974,12,2014,230310,39152.7,7345,-14747.7
Channel Partners,France,Carretera,High,1198,3,12,14376,1581.36,12794.64,3594,9200.64,41548,10,2013,12794.64,2303.04,7376,14273.6
Government,France,Paseo,High,2532,10,7,17724,1949.64,15774.36,12660,3114.36,41730,4,2014,15774.36,1892.92,7407,8628.44
Channel Partners,France,Paseo,High,1198,10,12,14376,1581.36,12794.64,3594,9200.64,41548,10,2013,12794.64,1663.3,7438,14975.34
Midmarket,Canada,Velo,High,384,120,15,5760,633.6,5126.4,3840,1286.4,41640,1,2014,5126.4,717.7,7469,8037.7
Channel Partners,Germany,Velo,High,472,120,12,5664,623.04,5040.96,1416,3624.96,41913,10,2014,5040.96,756.14,7500,10368.82
Government,United States of America,VTT,High,1579,250,7,11053,1215.83,9837.17,7895,1942.17,41699,3,2014,9837.17,1573.95,7531,7899.22
Channel Partners,Mexico,VTT,High,1005,250,12,12060,1326.6,10733.4,3015,7718.4,41518,9,2013,10733.4,1824.68,7562,13455.72
Midmarket,United States of America,Amarilla,High,3199.5,260,15,47992.5,5279.175,42713.325,31995,10718.325,41821,7,2014,42713.325,7688.4,7593,10622.925
Channel Partners,Germany,Amarilla,High,472,260,12,5664,623.04,5040.96,1416,3624.96,41913,10,2014,5040.96,604.92,7624,10644.04
Channel Partners,Canada,Carretera,High,1937,3,12,23244,2556.84,20687.16,5811,14876.16,41671,2,2014,20687.16,2689.33,7655,19841.83
Government,Germany,Carretera,High,792,3,350,277200,30492,246708,205920,40788,41699,3,2014,246708,34539.12,7686,13934.88
Small Business,Germany,Carretera,High,2811,3,300,843300,92763,750537,702750,47787,41821,7,2014,750537,112580.55,7717,-57076.55
Enterprise,France,Carretera,High,2441,3,125,305125,33563.75,271561.25,292920,-21358.75,41913,10,2014,271561.25,43449.8,7748,-57060.55
Midmarket,Canada,Carretera,High,1560,3,15,23400,2574,20826,15600,5226,41579,11,2013,20826,3540.42,7779,9464.58
Government,Mexico,Carretera,High,2706,3,7,18942,2083.62,16858.38,13530,3328.38,41579,11,2013,16858.38,3034.51,7810,8103.87
Government,Germany,Montana,High,766,5,350,268100,29491,238609,199160,39449,41640,1,2014,238609,28633.08,7841,18656.92
Government,Germany,Montana,High,2992,5,20,59840,6582.4,53257.6,29920,23337.6,41548,10,2013,53257.6,6923.49,7872,24286.11
Midmarket,Mexico,Montana,High,2157,5,15,32355,3559.05,28795.95,21570,7225.95,41974,12,2014,28795.95,4031.43,7903,11097.52
Small Business,Canada,Paseo,High,873,10,300,261900,28809,233091,218250,14841,41640,1,2014,233091,34963.65,7934,-12188.65
Government,Mexico,Paseo,High,1122,10,20,22440,2468.4,19971.6,11220,8751.6,41699,3,2014,19971.6,3195.46,7965,13521.14
Government,Canada,Paseo,High,2104.5,10,350,736575,81023.25,655551.75,547170,108381.75,41821,7,2014,655551.75,111443.8,7996,4933.95
Channel Partners,Canada,Paseo,High,4026,10,12,48312,5314.32,42997.68,12078,30919.68,41821,7,2014,42997.68,7739.58,8027,31207.1
Channel Partners,France,Paseo,High,2425.5,10,12,29106,3201.66,25904.34,7276.5,18627.84,41821,7,2014,25904.34,3108.52,8058,23577.32
Government,Canada,Paseo,High,2394,10,20,47880,5266.8,42613.2,23940,18673.2,41852,8,2014,42613.2,5539.72,8089,21222.48
Midmarket,Mexico,Paseo,High,1984,10,15,29760,3273.6,26486.4,19840,6646.4,41852,8,2014,26486.4,3708.1,8120,11058.3
Enterprise,France,Paseo,High,2441,10,125,305125,33563.75,271561.25,292920,-21358.75,41913,10,2014,271561.25,40734.19,8151,-53941.94
Government,Germany,Paseo,High,2992,10,20,59840,6582.4,53257.6,29920,23337.6,41548,10,2013,53257.6,8521.22,8182,22998.38
Small Business,Canada,Paseo,High,1366,10,300,409800,45078,364722,341500,23222,41944,11,2014,364722,62002.74,8213,-30567.74
Government,France,Velo,High,2805,120,20,56100,6171,49929,28050,21879,41518,9,2013,49929,8987.22,8244,21135.78
Midmarket,Mexico,Velo,High,655,120,15,9825,1080.75,8744.25,6550,2194.25,41518,9,2013,8744.25,1049.31,8275,9419.94
Government,Mexico,Velo,High,344,120,350,120400,13244,107156,89440,17716,41548,10,2013,107156,13930.28,8306,12091.72
Government,Canada,Velo,High,1808,120,7,12656,1392.16,11263.84,9040,2223.84,41944,11,2014,11263.84,1576.94,8337,8983.9
Channel Partners,France,VTT,High,1734,250,12,20808,2288.88,18519.12,5202,13317.12,41640,1,2014,18519.12,2777.87,8368,18907.25
Enterprise,Mexico,VTT,High,554,250,125,69250,7617.5,61632.5,66480,-4847.5,41640,1,2014,61632.5,9861.2,8399,-6309.7
Government,Canada,VTT,High,2935,250,20,58700,6457,52243,29350,22893,41579,11,2013,52243,8881.31,8430,22441.69
Enterprise,Germany,Amarilla,High,3165,260,125,395625,43518.75,352106.25,379800,-27693.75,41640,1,2014,352106.25,63379.13,8461,-82611.88
Government,Mexico,Amarilla,High,2629,260,20,52580,5783.8,46796.2,26290,20506.2,41640,1,2014,46796.2,5615.54,8492,23382.66
Enterprise,France,Amarilla,High,1433,260,125,179125,19703.75,159421.25,171960,-12538.75,41760,5,2014,159421.25,20724.76,8523,-24740.51
Enterprise,Mexico,Amarilla,High,947,260,125,118375,13021.25,105353.75,113640,-8286.25,41518,9,2013,105353.75,14749.53,8554,-14481.78
Government,Mexico,Amarilla,High,344,260,350,120400,13244,107156,89440,17716,41548,10,2013,107156,16073.4,8585,10227.6
Midmarket,Mexico,Amarilla,High,2157,260,15,32355,3559.05,28795.95,21570,7225.95,41974,12,2014,28795.95,4607.35,8616,11234.6
Government,United States of America,Paseo,High,380,10,7,2660,292.6,2367.4,1900,467.4,41518,9,2013,2367.4,402.46,8647,8711.94
Government,Mexico,Carretera,High,886,3,350,310100,37212,272888,230360,42528,41791,6,2014,272888,49119.84,8678,2086.16
Enterprise,Canada,Carretera,High,2416,3,125,302000,36240,265760,289920,-24160,41518,9,2013,265760,31891.2,8709,-47342.2
Enterprise,Mexico,Carretera,High,2156,3,125,269500,32340,237160,258720,-21560,41913,10,2014,237160,30830.8,8740,-43650.8
Midmarket,Canada,Carretera,High,2689,3,15,40335,4840.2,35494.8,26890,8604.8,41944,11,2014,35494.8,4969.27,8771,12406.53
Midmarket,United States of America,Montana,High,677,5,15,10155,1218.6,8936.4,6770,2166.4,41699,3,2014,8936.4,1340.46,8802,9627.94
Small Business,France,Montana,High,1773,5,300,531900,63828,468072,443250,24822,41730,4,2014,468072,74891.52,8833,-41236.52
Government,Mexico,Montana,High,2420,5,7,16940,2032.8,14907.2,12100,2807.2,41883,9,2014,14907.2,2534.22,8864,9136.98
Government,Canada,Montana,High,2734,5,7,19138,2296.56,16841.44,13670,3171.44,41913,10,2014,16841.44,3031.46,8895,9034.98
Government,Mexico,Montana,High,1715,5,20,34300,4116,30184,17150,13034,41548,10,2013,30184,3622.08,8926,18337.92
Small Business,France,Montana,High,1186,5,300,355800,42696,313104,296500,16604,41609,12,2013,313104,40703.52,8957,-15142.52
Small Business,United States of America,Paseo,High,3495,10,300,1048500,125820,922680,873750,48930,41640,1,2014,922680,129175.2,8988,-71257.2
Government,Mexico,Paseo,High,886,10,350,310100,37212,272888,230360,42528,41791,6,2014,272888,40933.2,9019,10613.8
Enterprise,Mexico,Paseo,High,2156,10,125,269500,32340,237160,258720,-21560,41913,10,2014,237160,37945.6,9050,-50455.6
Government,Mexico,Paseo,High,905,10,20,18100,2172,15928,9050,6878,41913,10,2014,15928,2707.76,9081,13251.24
Government,Mexico,Paseo,High,1715,10,20,34300,4116,30184,17150,13034,41548,10,2013,30184,5433.12,9112,16712.88
Government,France,Paseo,High,1594,10,350,557900,66948,490952,414440,76512,41944,11,2014,490952,58914.24,9143,26740.76
Small Business,Germany,Paseo,High,1359,10,300,407700,48924,358776,339750,19026,41944,11,2014,358776,46640.88,9174,-18440.88
Small Business,Mexico,Paseo,High,2150,10,300,645000,77400,567600,537500,30100,41944,11,2014,567600,79464,9205,-40159
Government,Mexico,Paseo,High,1197,10,350,418950,50274,368676,311220,57456,41944,11,2014,368676,55301.4,9236,11390.6
Midmarket,Mexico,Paseo,High,380,10,15,5700,684,5016,3800,1216,41609,12,2013,5016,802.56,9267,9680.44
Government,Mexico,Paseo,High,1233,10,20,24660,2959.2,21700.8,12330,9370.8,41974,12,2014,21700.8,3689.14,9298,14979.66
Government,Mexico,Velo,High,1395,120,350,488250,58590,429660,362700,66960,41821,7,2014,429660,77338.8,9329,-1049.8
Government,United States of America,Velo,High,986,120,350,345100,41412,303688,256360,47328,41913,10,2014,303688,36442.56,9360,20245.44
Government,Mexico,Velo,High,905,120,20,18100,2172,15928,9050,6878,41913,10,2014,15928,2070.64,9391,14198.36
Channel Partners,Canada,VTT,High,2109,250,12,25308,3036.96,22271.04,6327,15944.04,41760,5,2014,22271.04,3117.95,9422,22248.09
Midmarket,France,VTT,High,3874.5,250,15,58117.5,6974.1,51143.4,38745,12398.4,41821,7,2014,51143.4,7671.51,9453,14179.89
Government,Canada,VTT,High,623,250,350,218050,26166,191884,161980,29904,41518,9,2013,191884,30701.44,9484,8686.56
Government,United States of America,VTT,High,986,250,350,345100,41412,303688,256360,47328,41913,10,2014,303688,51626.96,9515,5216.04
Enterprise,United States of America,VTT,High,2387,250,125,298375,35805,262570,286440,-23870,41944,11,2014,262570,47262.6,9546,-61586.6
Government,Mexico,VTT,High,1233,250,20,24660,2959.2,21700.8,12330,9370.8,41974,12,2014,21700.8,2604.1,9577,16343.7
Government,United States of America,Amarilla,High,270,260,350,94500,11340,83160,70200,12960,41671,2,2014,83160,10810.8,9608,11757.2
Government,France,Amarilla,High,3421.5,260,7,23950.5,2874.06,21076.44,17107.5,3968.94,41821,7,2014,21076.44,2950.7,9639,10657.24
Government,Canada,Amarilla,High,2734,260,7,19138,2296.56,16841.44,13670,3171.44,41913,10,2014,16841.44,2526.22,9670,10315.22
Midmarket,United States of America,Amarilla,High,2548,260,15,38220,4586.4,33633.6,25480,8153.6,41579,11,2013,33633.6,5381.38,9701,12473.22
Government,France,Carretera,High,2521.5,3,20,50430,6051.6,44378.4,25215,19163.4,41640,1,2014,44378.4,7544.33,9732,21351.07
Channel Partners,Mexico,Montana,High,2661,5,12,31932,3831.84,28100.16,7983,20117.16,41760,5,2014,28100.16,5058.03,9763,24822.13
Government,Germany,Paseo,High,1531,10,20,30620,3674.4,26945.6,15310,11635.6,41974,12,2014,26945.6,3233.47,9794,18196.13
Government,France,VTT,High,1491,250,7,10437,1252.44,9184.56,7455,1729.56,41699,3,2014,9184.56,1193.99,9825,10360.57
Government,Germany,VTT,High,1531,250,20,30620,3674.4,26945.6,15310,11635.6,41974,12,2014,26945.6,3772.38,9856,17719.22
Channel Partners,Canada,Amarilla,High,2761,260,12,33132,3975.84,29156.16,8283,20873.16,41518,9,2013,29156.16,4373.42,9887,26386.74
Midmarket,United States of America,Carretera,High,2567,3,15,38505,5005.65,33499.35,25670,7829.35,41791,6,2014,33499.35,5359.9,9918,12387.45
Midmarket,United States of America,VTT,High,2567,250,15,38505,5005.65,33499.35,25670,7829.35,41791,6,2014,33499.35,5694.89,9949,12083.46
Government,Canada,Carretera,High,923,3,350,323050,41996.5,281053.5,239980,41073.5,41699,3,2014,281053.5,50589.63,9980,463.87
Government,France,Carretera,High,1790,3,350,626500,81445,545055,465400,79655,41699,3,2014,545055,65406.6,1011,15259.4
Government,Germany,Carretera,High,442,3,20,8840,1149.2,7690.8,4420,3270.8,41518,9,2013,7690.8,999.8,1042,3313
Government,United States of America,Montana,High,982.5,5,350,343875,44703.75,299171.25,255450,43721.25,41640,1,2014,299171.25,41883.98,1073,2910.27
Government,United States of America,Montana,High,1298,5,7,9086,1181.18,7904.82,6490,1414.82,41671,2,2014,7904.82,1185.72,1104,1333.1
Channel Partners,Mexico,Montana,High,604,5,12,7248,942.24,6305.76,1812,4493.76,41791,6,2014,6305.76,1008.92,1135,4619.84
Government,Mexico,Montana,High,2255,5,20,45100,5863,39237,22550,16687,41821,7,2014,39237,6670.29,1166,11182.71
Government,Canada,Montana,High,1249,5,20,24980,3247.4,21732.6,12490,9242.6,41913,10,2014,21732.6,3911.87,1197,6527.73
Government,United States of America,Paseo,High,1438.5,10,7,10069.5,1309.035,8760.465,7192.5,1567.965,41640,1,2014,8760.465,1051.26,1228,1744.705
Small Business,Germany,Paseo,High,807,10,300,242100,31473,210627,201750,8877,41640,1,2014,210627,27381.51,1259,-17245.51
Government,United States of America,Paseo,High,2641,10,20,52820,6866.6,45953.4,26410,19543.4,41671,2,2014,45953.4,6433.48,1290,14399.92
Government,Germany,Paseo,High,2708,10,20,54160,7040.8,47119.2,27080,20039.2,41671,2,2014,47119.2,7067.88,1321,14292.32
Government,Canada,Paseo,High,2632,10,350,921200,119756,801444,684320,117124,41791,6,2014,801444,128231.04,1352,-9755.04
Enterprise,Canada,Paseo,High,1583,10,125,197875,25723.75,172151.25,189960,-17808.75,41791,6,2014,172151.25,29265.71,1383,-45691.46
Channel Partners,Mexico,Paseo,High,571,10,12,6852,890.76,5961.24,1713,4248.24,41821,7,2014,5961.24,1073.02,1414,4589.22
Government,France,Paseo,High,2696,10,7,18872,2453.36,16418.64,13480,2938.64,41852,8,2014,16418.64,1970.24,1445,2413.4
Midmarket,Canada,Paseo,High,1565,10,15,23475,3051.75,20423.25,15650,4773.25,41913,10,2014,20423.25,2655.02,1476,3594.23
Government,Canada,Paseo,High,1249,10,20,24980,3247.4,21732.6,12490,9242.6,41913,10,2014,21732.6,3042.56,1507,7707.04
Government,Germany,Paseo,High,357,10,350,124950,16243.5,108706.5,92820,15886.5,41944,11,2014,108706.5,16305.98,1538,1118.52
Channel Partners,Germany,Paseo,High,1013,10,12,12156,1580.28,10575.72,3039,7536.72,41974,12,2014,10575.72,1692.12,1569,7413.6
Midmarket,France,Velo,High,3997.5,120,15,59962.5,7795.125,52167.375,39975,12192.375,41640,1,2014,52167.375,8868.45,1600,4923.925
Government,Canada,Velo,High,2632,120,350,921200,119756,801444,684320,117124,41791,6,2014,801444,144259.92,1631,-25504.92
Government,France,Velo,High,1190,120,7,8330,1082.9,7247.1,5950,1297.1,41791,6,2014,7247.1,869.65,1662,2089.45
Channel Partners,Mexico,Velo,High,604,120,12,7248,942.24,6305.76,1812,4493.76,41791,6,2014,6305.76,819.75,1693,5367.01
Midmarket,Germany,Velo,High,660,120,15,9900,1287,8613,6600,2013,41518,9,2013,8613,1205.82,1724,2531.18
Channel Partners,Mexico,Velo,High,410,120,12,4920,639.6,4280.4,1230,3050.4,41913,10,2014,4280.4,642.06,1755,4163.34
Small Business,Mexico,Velo,High,2605,120,300,781500,101595,679905,651250,28655,41579,11,2013,679905,108784.8,1786,-78343.8
Channel Partners,Germany,Velo,High,1013,120,12,12156,1580.28,10575.72,3039,7536.72,41974,12,2014,10575.72,1797.87,1817,7555.85
Enterprise,Canada,VTT,High,1583,250,125,197875,25723.75,172151.25,189960,-17808.75,41791,6,2014,172151.25,30987.23,1848,-46947.98
Midmarket,Canada,VTT,High,1565,250,15,23475,3051.75,20423.25,15650,4773.25,41913,10,2014,20423.25,2450.79,1879,4201.46
Enterprise,Canada,Amarilla,High,1659,260,125,207375,26958.75,180416.25,199080,-18663.75,41640,1,2014,180416.25,23454.11,1910,-40207.86
Government,France,Amarilla,High,1190,260,7,8330,1082.9,7247.1,5950,1297.1,41791,6,2014,7247.1,1014.59,1941,2223.51
Channel Partners,Mexico,Amarilla,High,410,260,12,4920,639.6,4280.4,1230,3050.4,41913,10,2014,4280.4,642.06,1972,4380.34
Channel Partners,Germany,Amarilla,High,1770,260,12,21240,2761.2,18478.8,5310,13168.8,41609,12,2013,18478.8,2956.61,2003,12215.19
Government,Mexico,Carretera,High,2579,3,20,51580,7221.2,44358.8,25790,18568.8,41730,4,2014,44358.8,7541,2034,13061.8
Government,United States of America,Carretera,High,1743,3,20,34860,4880.4,29979.6,17430,12549.6,41760,5,2014,29979.6,5396.33,2065,9218.27
Government,United States of America,Carretera,High,2996,3,7,20972,2936.08,18035.92,14980,3055.92,41548,10,2013,18035.92,2164.31,2096,2987.61
Government,Germany,Carretera,High,280,3,7,1960,274.4,1685.6,1400,285.6,41974,12,2014,1685.6,219.13,2127,2193.47
Government,France,Montana,High,293,5,7,2051,287.14,1763.86,1465,298.86,41671,2,2014,1763.86,246.94,2158,2209.92
Government,United States of America,Montana,High,2996,5,7,20972,2936.08,18035.92,14980,3055.92,41548,10,2013,18035.92,2705.39,2189,2539.53
Midmarket,Germany,Paseo,High,278,10,15,4170,583.8,3586.2,2780,806.2,41671,2,2014,3586.2,573.79,2220,2452.41
Government,Canada,Paseo,High,2428,10,20,48560,6798.4,41761.6,24280,17481.6,41699,3,2014,41761.6,7099.47,2251,12633.13
Midmarket,United States of America,Paseo,High,1767,10,15,26505,3710.7,22794.3,17670,5124.3,41883,9,2014,22794.3,4102.97,2282,3303.33
Channel Partners,France,Paseo,High,1393,10,12,16716,2340.24,14375.76,4179,10196.76,41913,10,2014,14375.76,1725.09,2313,10784.67
Government,Germany,VTT,High,280,250,7,1960,274.4,1685.6,1400,285.6,41974,12,2014,1685.6,219.13,2344,2410.47
Channel Partners,France,Amarilla,High,1393,260,12,16716,2340.24,14375.76,4179,10196.76,41913,10,2014,14375.76,2012.61,2375,10559.15
Channel Partners,United States of America,Amarilla,High,2015,260,12,24180,3385.2,20794.8,6045,14749.8,41609,12,2013,20794.8,3119.22,2406,14036.58
Small Business,Mexico,Carretera,High,801,3,300,240300,33642,206658,200250,6408,41821,7,2014,206658,33065.28,2437,-24220.28
Enterprise,France,Carretera,High,1023,3,125,127875,17902.5,109972.5,122760,-12787.5,41518,9,2013,109972.5,18695.33,2468,-29014.83
Small Business,Canada,Carretera,High,1496,3,300,448800,62832,385968,374000,11968,41913,10,2014,385968,69474.24,2499,-55007.24
Small Business,United States of America,Carretera,High,1010,3,300,303000,42420,260580,252500,8080,41913,10,2014,260580,31269.6,2530,-20659.6
Midmarket,Germany,Carretera,High,1513,3,15,22695,3177.3,19517.7,15130,4387.7,41944,11,2014,19517.7,2537.3,2561,4411.4
Midmarket,Canada,Carretera,High,2300,3,15,34500,4830,29670,23000,6670,41974,12,2014,29670,4153.8,2592,5108.2
Enterprise,Mexico,Carretera,High,2821,3,125,352625,49367.5,303257.5,338520,-35262.5,41609,12,2013,303257.5,45488.63,2623,-78128.13
Government,Canada,Montana,High,2227.5,5,350,779625,109147.5,670477.5,579150,91327.5,41640,1,2014,670477.5,107276.4,2654,-13294.9
Government,Germany,Montana,High,1199,5,350,419650,58751,360899,311740,49159,41730,4,2014,360899,61352.83,2685,-9508.83
Government,Canada,Montana,High,200,5,350,70000,9800,60200,52000,8200,41760,5,2014,60200,10836,2716,80
Government,Canada,Montana,High,388,5,7,2716,380.24,2335.76,1940,395.76,41883,9,2014,2335.76,280.29,2747,2862.47
Government,Mexico,Montana,High,1727,5,7,12089,1692.46,10396.54,8635,1761.54,41548,10,2013,10396.54,1351.55,2778,3187.99
Midmarket,Canada,Montana,High,2300,5,15,34500,4830,29670,23000,6670,41974,12,2014,29670,4153.8,2809,5325.2
Government,Mexico,Paseo,High,260,10,20,5200,728,4472,2600,1872,41671,2,2014,4472,670.8,2840,4041.2
Midmarket,Canada,Paseo,High,2470,10,15,37050,5187,31863,24700,7163,41518,9,2013,31863,5098.08,2871,4935.92
Midmarket,Canada,Paseo,High,1743,10,15,26145,3660.3,22484.7,17430,5054.7,41548,10,2013,22484.7,3822.4,2902,4134.3
Channel Partners,United States of America,Paseo,High,2914,10,12,34968,4895.52,30072.48,8742,21330.48,41913,10,2014,30072.48,5413.05,2933,18850.43
Government,France,Paseo,High,1731,10,7,12117,1696.38,10420.62,8655,1765.62,41913,10,2014,10420.62,1250.47,2964,3479.15
Government,Canada,Paseo,High,700,10,350,245000,34300,210700,182000,28700,41944,11,2014,210700,27391,2995,4304
Channel Partners,Canada,Paseo,High,2222,10,12,26664,3732.96,22931.04,6666,16265.04,41579,11,2013,22931.04,3210.35,3026,16080.69
Government,United States of America,Paseo,High,1177,10,350,411950,57673,354277,306020,48257,41944,11,2014,354277,53141.55,3057,-1827.55
Government,France,Paseo,High,1922,10,350,672700,94178,578522,499720,78802,41579,11,2013,578522,92563.52,3088,-10673.52
Enterprise,Mexico,Velo,High,1575,120,125,196875,27562.5,169312.5,189000,-19687.5,41671,2,2014,169312.5,28783.13,3119,-45351.63
Government,United States of America,Velo,High,606,120,20,12120,1696.8,10423.2,6060,4363.2,41730,4,2014,10423.2,1876.18,3150,5637.02
Small Business,United States of America,Velo,High,2460,120,300,738000,103320,634680,615000,19680,41821,7,2014,634680,76161.6,3181,-53300.6
Small Business,Canada,Velo,High,269,120,300,80700,11298,69402,67250,2152,41548,10,2013,69402,9022.26,3212,-3658.26
Small Business,Germany,Velo,High,2536,120,300,760800,106512,654288,634000,20288,41579,11,2013,654288,91600.32,3243,-68069.32
Government,Mexico,VTT,High,2903,250,7,20321,2844.94,17476.06,14515,2961.06,41699,3,2014,17476.06,2621.41,3274,3613.65
Small Business,United States of America,VTT,High,2541,250,300,762300,106722,655578,635250,20328,41852,8,2014,655578,104892.48,3305,-81259.48
Small Business,Canada,VTT,High,269,250,300,80700,11298,69402,67250,2152,41548,10,2013,69402,11798.34,3336,-6310.34
Small Business,Canada,VTT,High,1496,250,300,448800,62832,385968,374000,11968,41913,10,2014,385968,69474.24,3367,-54139.24
Small Business,United States of America,VTT,High,1010,250,300,303000,42420,260580,252500,8080,41913,10,2014,260580,31269.6,3398,-19791.6
Government,France,VTT,High,1281,250,350,448350,62769,385581,333060,52521,41609,12,2013,385581,50125.53,3429,5824.47
Small Business,Canada,Amarilla,High,888,260,300,266400,37296,229104,222000,7104,41699,3,2014,229104,32074.56,3460,-21510.56
Enterprise,United States of America,Amarilla,High,2844,260,125,355500,49770,305730,341280,-35550,41760,5,2014,305730,45859.5,3491,-77918.5
Channel Partners,France,Amarilla,High,2475,260,12,29700,4158,25542,7425,18117,41852,8,2014,25542,4086.72,3522,17552.28
Midmarket,Canada,Amarilla,High,1743,260,15,26145,3660.3,22484.7,17430,5054.7,41548,10,2013,22484.7,3822.4,3553,4785.3
Channel Partners,United States of America,Amarilla,High,2914,260,12,34968,4895.52,30072.48,8742,21330.48,41913,10,2014,30072.48,5413.05,3584,19501.43
Government,France,Amarilla,High,1731,260,7,12117,1696.38,10420.62,8655,1765.62,41913,10,2014,10420.62,1250.47,3615,4130.15
Government,Mexico,Amarilla,High,1727,260,7,12089,1692.46,10396.54,8635,1761.54,41548,10,2013,10396.54,1351.55,3646,4055.99
Midmarket,Mexico,Amarilla,High,1870,260,15,28050,3927,24123,18700,5423,41579,11,2013,24123,3377.22,3677,5722.78
Enterprise,France,Carretera,High,1174,3,125,146750,22012.5,124737.5,140880,-16142.5,41852,8,2014,124737.5,18710.63,3708,-31145.13
Enterprise,Germany,Carretera,High,2767,3,125,345875,51881.25,293993.75,332040,-38046.25,41852,8,2014,293993.75,47039,3739,-81346.25
Enterprise,Germany,Carretera,High,1085,3,125,135625,20343.75,115281.25,130200,-14918.75,41913,10,2014,115281.25,19597.81,3770,-30746.56
Small Business,Mexico,Montana,High,546,5,300,163800,24570,139230,136500,2730,41913,10,2014,139230,25061.4,3801,-18530.4
Government,Germany,Paseo,High,1158,10,20,23160,3474,19686,11580,8106,41699,3,2014,19686,2362.32,3832,9575.68
Midmarket,Canada,Paseo,High,1614,10,15,24210,3631.5,20578.5,16140,4438.5,41730,4,2014,20578.5,2675.21,3863,5626.29
Government,Mexico,Paseo,High,2535,10,7,17745,2661.75,15083.25,12675,2408.25,41730,4,2014,15083.25,2111.66,3894,4190.59
Government,Mexico,Paseo,High,2851,10,350,997850,149677.5,848172.5,741260,106912.5,41760,5,2014,848172.5,127225.88,3925,-16388.38
Midmarket,Canada,Paseo,High,2559,10,15,38385,5757.75,32627.25,25590,7037.25,41852,8,2014,32627.25,5220.36,3956,5772.89
Government,United States of America,Paseo,High,267,10,20,5340,801,4539,2670,1869,41548,10,2013,4539,771.63,3987,5084.37
Enterprise,Germany,Paseo,High,1085,10,125,135625,20343.75,115281.25,130200,-14918.75,41913,10,2014,115281.25,20750.63,4018,-31651.38
Midmarket,Germany,Paseo,High,1175,10,15,17625,2643.75,14981.25,11750,3231.25,41913,10,2014,14981.25,1797.75,4049,5482.5
Government,United States of America,Paseo,High,2007,10,350,702450,105367.5,597082.5,521820,75262.5,41579,11,2013,597082.5,77620.73,4080,1721.77
Government,Mexico,Paseo,High,2151,10,350,752850,112927.5,639922.5,559260,80662.5,41579,11,2013,639922.5,89589.15,4111,-4815.65
Channel Partners,United States of America,Paseo,High,914,10,12,10968,1645.2,9322.8,2742,6580.8,41974,12,2014,9322.8,1398.42,4142,9324.38
Government,France,Paseo,High,293,10,20,5860,879,4981,2930,2051,41974,12,2014,4981,796.96,4173,5427.04
Channel Partners,Mexico,Velo,High,500,120,12,6000,900,5100,1500,3600,41699,3,2014,5100,867,4204,6937
Midmarket,France,Velo,High,2826,120,15,42390,6358.5,36031.5,28260,7771.5,41760,5,2014,36031.5,6485.67,4235,5520.83
Enterprise,France,Velo,High,663,120,125,82875,12431.25,70443.75,79560,-9116.25,41883,9,2014,70443.75,8453.25,4266,-13303.5
Small Business,United States of America,Velo,High,2574,120,300,772200,115830,656370,643500,12870,41579,11,2013,656370,85328.1,4297,-68161.1
Enterprise,United States of America,Velo,High,2438,120,125,304750,45712.5,259037.5,292560,-33522.5,41609,12,2013,259037.5,36265.25,4328,-65459.75
Channel Partners,United States of America,Velo,High,914,120,12,10968,1645.2,9322.8,2742,6580.8,41974,12,2014,9322.8,1398.42,4359,9541.38
Government,Canada,VTT,High,865.5,250,20,17310,2596.5,14713.5,8655,6058.5,41821,7,2014,14713.5,2354.16,4390,8094.34
Midmarket,Germany,VTT,High,492,250,15,7380,1107,6273,4920,1353,41821,7,2014,6273,1066.41,4421,4707.59
Government,United States of America,VTT,High,267,250,20,5340,801,4539,2670,1869,41548,10,2013,4539,817.02,4452,5503.98
Midmarket,Germany,VTT,High,1175,250,15,17625,2643.75,14981.25,11750,3231.25,41913,10,2014,14981.25,1797.75,4483,5916.5
Enterprise,Canada,VTT,High,2954,250,125,369250,55387.5,313862.5,354480,-40617.5,41579,11,2013,313862.5,40802.13,4514,-76905.63
Enterprise,Germany,VTT,High,552,250,125,69000,10350,58650,66240,-7590,41944,11,2014,58650,8211,4545,-11256
Government,France,VTT,High,293,250,20,5860,879,4981,2930,2051,41974,12,2014,4981,747.15,4576,5879.85
Small Business,France,Amarilla,High,2475,260,300,742500,111375,631125,618750,12375,41699,3,2014,631125,100980,4607,-83998
Small Business,Mexico,Amarilla,High,546,260,300,163800,24570,139230,136500,2730,41913,10,2014,139230,23669.1,4638,-16301.1
Government,Mexico,Montana,High,1368,5,7,9576,1436.4,8139.6,6840,1299.6,41671,2,2014,8139.6,1465.13,4669,4503.47
Government,Canada,Paseo,High,723,10,7,5061,759.15,4301.85,3615,686.85,41730,4,2014,4301.85,516.22,4700,4870.63
Channel Partners,United States of America,VTT,High,1806,250,12,21672,3250.8,18421.2,5418,13003.2,41760,5,2014,18421.2,2394.76,4731,15339.44
Total,,,,,,,,,,,,,,,,,,
